Note,Australia,Canada,Denmark,UK,Japan,Korea,Norway,Sweden,Switzerland,Austria,Belgium,France,Germany,Spain,Italy,Finland,Netherlands,United States,,Australia,Canada,Denmark,UK,Japan,Korea,Norway,Sweden,Switzerland,Austria,Belgium,France,Germany,Spain,Italy,Finland,Netherlands,United States
,AUS,CAN,DEN,GBR,JPN,KOR,NOR,SWE,CHE,AUT,BEL,FRA,GER,ESP,ITA,FIN,NET,USA,,AUS,CAN,DEN,GBR,JPN,KOR,NOR,SWE,CHE,AUT,BEL,FRA,GER,ESP,ITA,FIN,NET,USA
,m_1,m_2,m_3,m_4,m_5,m_6,m_7,m_8,m_9,m_10,m_11,m_12,m_13,m_14,m_15,m_16,m_17,m_18,,M_AUS,M_CAN,M_DEN,M_GBR,M_JPN,M_KOR,M_NOR,M_SWE,M_CHE,M_AUT,M_BEL,M_FRA,M_GER,M_ESP,M_ITA,M_FIN,M_NET,M_USA
1973.1,9.9686196475,10.6893734276,11.1238011165,8.4945385009,18.2622241403,14.2778177706,11.0456381432,11.8045572271,11.7294712991,12.5874158115,13.5820641137,13.7244144863,12.9663409469,14.935577703,18.1166795697,10.1596789579,11.4908638882,13.6372208623,1973.1,21346,43887,67765,4888,85346000,1587733,62670,133861,124178,292850,791800,912930,427770,3065060,73786000,25840,97818,836700
1973.2,9.9944245475,10.7411029748,11.1820714167,8.5362111973,18.3168080099,14.3342989942,11.0963488521,11.8162323321,11.7411202374,12.6243058929,13.6382959385,13.7527943754,12.980845895,14.995905578,18.1650914773,10.1911446247,11.5372082375,13.6614627062,1973.2,21904,46217,71831,5096,90134000,1679991,65930,135433,125633,303855,837600,939210,434020,3255660,77446000,26666,102458,857231
1973.3,10.0624551836,10.7894221644,11.2096964967,8.5539107744,18.3463019659,14.4106738375,11.1049572266,11.8456621617,11.7569064022,12.6405203381,13.6342284607,13.7696132056,12.9853745863,15.0457240443,18.1962613791,10.2073997018,11.5596563675,13.650313929,1973.3,23446,48505,73843,5187,92832000,1813327,66500,139478,127632,308822,834200,955140,435990,3421960,79898000,27103,104784,847727
1973.4,10.1176307217,10.8490846276,11.2420611774,8.6292710948,18.4023945663,14.4988412137,11.1526726997,11.8902928363,11.7913372003,12.6859275908,13.6826646446,13.8057228139,13.0554112793,15.1266098178,18.2946071867,10.2980265205,11.5724483036,13.7012741008,1973.4,24776,51487,76272,5593,98188000,1980463,69750,145844,132103,323168,875600,990260,467620,3710250,88155000,29674,106133,892047
1974.1,10.1454528581,10.9079906066,11.2228137767,8.5978510944,18.4028833049,14.5459968749,11.1569645518,11.9402890418,11.7917610221,12.6983849505,13.7228468731,13.8291076965,13.03928607,15.1383378238,18.3089108431,10.2923828023,11.6172404342,13.7104122302,1974.1,25475,54611,74818,5420,98236000,2076090,70050,153321,132159,327219,911500,1013690,460140,3754020,89425000,29507,110995,900236
1974.2,10.1300253369,10.982254213,11.2589747075,8.6260475963,18.4420507697,14.5692729485,11.1867797261,11.9430571691,11.8074143186,12.733129822,13.7483018083,13.8358032612,13.0502441955,15.1827928292,18.3297270608,10.3298984252,11.6785585405,13.7142007161,1974.2,25085,58821,77573,5575,102160000,2124980,72170,153746,134244,338788,935000,1020500,465210,3924670,91306000,30635,118014,903653
1974.3,10.1268310839,11.0258489194,11.2726993337,8.6803319288,18.4493459432,14.6744009644,11.2031341069,11.9607090473,11.8251635553,12.7621020099,13.7406792473,13.843680046,13.0491042756,15.2128165677,18.3460110756,10.3624302344,11.6919666472,13.7080099762,1974.3,25005,61442,78645,5886,102908000,2360540,73360,156484,136648,348747,927900,1028570,464680,4044290,92805000,31648,119607,898076
1974.4,10.2052574243,11.0245297332,11.3229869728,8.7721454392,18.5113803112,14.7142481306,11.2570004241,11.9799433914,11.6753588908,12.803886646,13.7660051381,13.9009724017,13.1251395204,15.3013221459,18.4002331087,10.4602994131,11.708015161,13.7529679104,1974.4,27045,61361,82701,6452,109494000,2456500,77420,159523,117637,363628,951700,1089220,501390,4418550,97976000,34902,121542,939373
1975.1,10.2688248696,11.0620811189,11.3315954165,8.745921121,18.5102929026,14.7653134324,11.2634379383,12.0304446369,11.6797356737,12.8347213042,13.7977538364,13.893998211,13.1093794498,15.305471,18.4356087645,10.5200776104,11.7462569427,13.7599471068,1975.1,28820,63709,83416,6285,109375000,2585200,77920,167786,118153,375015,982400,1081650,493550,4436920,101504000,37052,126280,945952
1975.2,10.2724615521,11.1041298168,11.4274002558,8.7838558966,18.5501551682,14.8141330679,11.3136205031,12.026353699,11.6991809404,12.8741071253,13.8572281513,13.9166039825,13.1275698004,15.3484561194,18.4743352485,10.5498051457,11.8063261549,13.8092268568,1975.2,28925,66445,91803,6528,113823000,2714540,81930,167101,120473,390080,1042600,1106380,502610,4631800,105512000,38170,134098,993736
1975.3,10.333905402,11.1457238813,11.4614637353,8.8101612683,18.5730412509,14.9055024643,11.3499358365,12.055505537,11.7160458847,12.9050701794,13.864681602,13.9413411252,13.1513006273,15.3917866451,18.5173536312,10.5669741757,11.8090889682,13.8230589967,1975.3,30758,69267,94984,6702,116458000,2974250,84960,172044,122522,402347,1050400,1134090,514680,4836910,110150000,38831,134469,1007577
1975.4,10.3922209298,11.167430647,11.5615727618,8.8798899677,18.6464687955,14.9629161854,11.3988605087,12.0932622259,11.7479106268,12.9726956342,13.9079985774,13.9912689576,13.2334574249,15.4750596664,18.6217340935,10.6619307797,11.8313864688,13.8670464729,1975.4,32605,70787,104985,7186,125331000,3150010,89220,178664,126489,430497,1096900,1192150,558750,5256940,122269000,42699,137501,1052887
1976.1,10.4096422847,11.22300088,11.5816676384,8.8473598755,18.6536558072,15.02064269,11.4157535532,12.1417101089,11.7604884208,12.9891153732,13.9348035642,13.9964812027,13.2151066291,15.477631998,18.6563297748,10.6612748116,11.8897304336,13.8881920847,1976.1,33178,74832,107116,6956,126235000,3337200,90740,187533,128090,437624,1126700,1198380,548590,5270480,126573000,42671,145762,1075388
1976.2,10.4002548191,11.284354713,11.634470305,8.8927487691,18.6997659692,15.0813166651,11.4717909216,12.1219897038,11.7826395761,13.030940831,13.9897159342,14.023296787,13.2361740894,15.5236347629,18.6756562401,10.6803552846,11.9510449029,13.9216869407,1976.2,32868,79567,112924,7279,132192000,3545950,95970,183871,130959,456316,1190300,1230950,560270,5518600,129043000,43493,154979,1112018
1976.3,10.4537165651,11.3254868383,11.6277530264,8.9271813883,18.7169409191,15.1410857615,11.4856570378,12.1440961729,11.7836393892,13.0602390065,13.9924845084,14.033295779,13.2496654078,15.563006353,18.6997281447,10.6869323711,11.9642685645,13.9401579797,1976.3,34673,82908,112168,7534,134482000,3764350,97310,187981,131090,469883,1193600,1243320,567880,5740210,132187000,43780,157042,1132749
1976.4,10.5075849163,11.3431093877,11.6724815095,8.9856956945,18.7730896011,15.2517325314,11.5566552278,12.1417207736,11.8342042927,13.1286873389,14.0262575889,14.0665338328,13.3063668523,15.6512294947,18.8080972855,10.7509639684,11.980964666,13.9930707977,1976.4,36592,84382,117299,7988,142249000,4204780,104470,187535,137889,503172,1234600,1285340,601010,6269640,147317000,46675,159686,1194300
1977.1,10.5324694756,11.3752483478,11.6726775703,8.9489756078,18.7737993717,15.3041832424,11.5892381478,12.1989976769,11.8375781248,13.1342346344,14.0416894978,14.0712297156,13.2948197664,15.658294202,18.8306092098,10.7646671852,12.0456221636,14.0139129555,1977.1,37514,87138,117322,7700,142350000,4431210,107930,198590,138355,505971,1253800,1291390,594110,6314090,150671000,47319,170352,1219453
1977.2,10.5004816982,11.4312597743,11.7223189154,9.0044226013,18.8069222571,15.3778044506,11.6209723691,12.1563570533,11.8668516345,13.1747527709,14.0723983152,14.0874366544,13.3060673116,15.7028089687,18.8618925892,10.8000040567,12.0779608262,14.041127049,1977.2,36333,92158,123293,8139,147144000,4769750,111410,190300,142465,526893,1292900,1312490,600830,6601510,155459000,49021,175951,1253095
1977.3,10.5226652129,11.4678130297,11.7165354728,9.0186954877,18.8188526546,15.5022742598,11.6481554142,12.1973497111,11.8702082242,13.1849136733,14.0731714713,14.1115699425,13.3309860086,15.7475984757,18.892120841,10.812391066,12.0715636323,14.0587594359,1977.3,37148,95589,122582,8256,148910000,5401970,114480,198263,142944,532274,1293900,1344550,615990,6903910,160230000,49632,174829,1275386
1977.4,10.5651182659,11.4740494924,11.7612532153,9.1184443573,18.8783081021,15.5861008666,11.704619628,12.2311505497,11.8995610721,13.2156314736,14.1066117785,14.1586107809,13.4048620392,15.822487584,19.004269722,10.8588836063,12.103319838,14.0956943384,1977.4,38759,96187,128188,9122,158032000,5874320,121130,205079,147202,548878,1337900,1409310,663220,7440790,179246000,51994,180470,1323373
1978.1,10.5918231761,11.4982990181,11.7341311398,9.0935818114,18.8738624243,15.6627236554,11.7111203709,12.3098198605,11.9353787861,13.2360598522,14.1268847427,14.2239711751,13.3832034039,15.8319231053,19.0354771181,10.88779201,12.1446864838,14.096826409,1978.1,39808,98548,124758,8898,157331000,6342120,121920,221864,152570,560206,1365300,1504500,649010,7511330,184928000,53519,188092,1324872
1978.2,10.5775538453,11.5452280723,11.7925854463,9.1296724689,18.9219165319,15.6995118681,11.735348757,12.2981776944,11.9574574282,13.2756456803,14.1496228693,14.2481367741,13.4043341715,15.8890019325,19.0728652951,10.9438879315,12.1937014367,14.1256226854,1978.2,39244,103283,132268,9225,165076000,6579780,124910,219296,155976,582827,1396700,1541300,662870,7952540,191973000,56607,197541,1363578
1978.3,10.623033207,11.5951227729,11.7775640643,9.161990111,18.9362670178,15.7792774647,11.7528868012,12.3419095035,11.9557762703,13.3018860209,14.1519113635,14.2776080156,13.4294950737,15.9361228333,19.1037119299,10.9598010623,12.1972084746,14.1383495688,1978.3,41070,108567,130296,9528,167462000,7126120,127120,229099,155714,598323,1399900,1587400,679760,8336240,197987000,57515,198235,1381043
1978.4,10.6648773232,11.6305484878,11.8236475657,9.2459005474,19.0013308933,15.885990817,11.8097654752,12.389560189,12.0064808123,13.3493140723,14.1790419427,14.334958899,13.5024559752,16.0075126329,19.2174354045,11.0008156837,12.2133808752,14.174935218,1978.4,42825,112482,136441,10362,178720000,7928630,134560,240280,163813,627384,1438400,1681100,731210,8953120,221833000,59923,201467,1432505
1979.1,10.698875387,11.6587559132,11.8321280066,9.2092397665,18.9949768187,15.9184623062,11.8252513683,12.4566290088,12.0253478133,13.3607454307,14.195931325,14.3568459879,13.4832494421,16.0215043509,19.2175526029,11.0311892776,12.2506157083,14.173854708,1979.1,44306,115700,137603,9989,177588000,8190310,136660,256948,166933,634597,1462900,1718300,717300,9079270,221859000,61771,209110,1430958
1979.2,10.6889631993,11.7320368982,11.8787415015,9.2449350167,19.0291683254,15.9330892933,11.8600549961,12.4202521395,12.0420113507,13.385951508,14.2352729708,14.3840011339,13.4994975957,16.0691564257,19.2453472944,11.087742226,12.298788554,14.2089044344,1979.2,43869,124497,144169,10352,183765000,8310990,141500,247769,169738,650796,1521600,1765600,729050,9522390,228112000,65365,219430,1482002
1979.3,10.7204219299,11.7707177554,11.8693963881,9.2803327438,19.0451582151,16.0118892221,11.8883436517,12.4651005814,12.0467192886,13.3934586463,14.2088356062,14.4080083304,13.4989762336,16.0964653946,19.2792703265,11.1074803567,12.2927731409,14.2317177626,1979.3,45271,129407,142828,10725,186727000,8992390,145560,259134,170539,655700,1481900,1808500,728670,9786020,235983000,66668,218114,1516200
1979.4,10.774718155,11.7933412014,11.9209074032,9.3604830304,19.0819243755,16.1058044223,11.9393689795,12.4880585254,12.0973899509,13.4273095637,14.2388155842,14.4691369804,13.552807236,16.1717662673,19.3967901259,11.1668512768,12.3176363814,14.2642605452,1979.4,47797,132368,150378,11620,193720000,9877840,153180,265152,179403,678276,1527000,1922500,768970,10551370,265411000,70746,223605,1566353
1980.1,10.8092834053,11.8240066309,11.9082661604,9.3051049484,19.081144596,16.14540727,11.9389118963,12.5702017381,12.111498195,13.4438220437,14.2443014914,14.4688768685,13.5239141679,16.1873072985,19.3715236158,11.1830732675,12.3373464918,14.2658075303,1980.1,49478,136490,148489,10994,193569000,10276880,153110,287852,181952,689569,1535400,1922000,747070,10716630,258789000,71903,228056,1568778
1980.2,10.8099703434,11.8725490574,11.9409866806,9.3321154289,19.1031056458,16.182226589,11.9627263869,12.5279242338,12.0942076885,13.4662693438,14.2648649516,14.486003048,13.5237401396,16.2262888508,19.381267748,11.229142448,12.3716760631,14.3027946414,1980.2,49512,143279,153428,11295,197867000,10662320,156800,275936,178833,705223,1567300,1955200,746940,11142630,261323000,75293,236021,1627889
1980.3,10.8526132675,11.8758309587,11.9444286216,9.352100317,19.1008237354,16.25247968,11.9889732912,12.5616399763,12.0944257452,13.4914645944,14.2455381889,14.507707287,13.5264542083,16.26466567,19.3846829632,11.2545044158,12.3643704285,14.3261845702,1980.3,51669,143750,153957,11523,197416000,11438320,160970,285398,178872,723217,1537300,1998100,748970,11578560,262217000,77227,234303,1666414
1980.4,10.9058642333,11.8839923464,12.0316597328,9.4127096241,19.1481665473,16.3439914115,12.0496527263,12.6408279114,12.1021832694,13.5476873204,14.2713518734,14.5582095174,13.5972301623,16.3266306146,19.5121106342,11.3072533946,12.3725823513,14.348130354,1980.4,54495,144928,167990,12243,206987000,12534450,171040,308917,180265,765043,1577500,2101600,803900,12318720,297853000,81410,236235,1703389
1981.1,10.9291885886,11.9059400527,12.0215426519,9.372033961,19.1465564551,16.3814955328,12.0503540705,12.6603056953,12.1326359865,13.5695128281,14.2829483984,14.5719611222,13.5644175337,16.3274298911,19.4960005228,11.3250645945,12.4199857268,14.3696169111,1981.1,55781,148144,166299,11755,206654000,13013470,171160,314993,185839,781924,1595900,2130700,777950,12328570,293093000,82873,247703,1740385
1981.2,10.9330712548,11.9457398163,12.0656719992,9.3868953339,19.1889632259,16.4106928742,12.0865005104,12.6226260506,12.1489042316,13.5807257595,14.3428392538,14.5995947335,13.5741011978,16.3657460415,19.4917128383,11.3757416962,12.4506253761,14.3881666644,1981.2,55998,154159,173802,11931,215606000,13399030,177460,303345,188887,790741,1694400,2190400,785520,12810120,291839000,87181,255410,1772970
1981.3,10.9590531517,12.0071032798,12.0575146309,9.3833688819,19.1937198516,16.4733349649,12.1174053528,12.6485059317,12.1450107406,13.5884556171,14.3092917471,14.6146830332,13.5758564545,16.4041786956,19.4933835967,11.4024742358,12.4472800585,14.4124870886,1981.3,57472,163915,172390,11889,216634000,14265220,183030,311298,188153,796877,1638500,2223700,786900,13312030,292327000,89543,254557,1816618
1981.4,11.0001312381,12.0869568471,12.1346249778,9.4378742716,19.2501360834,16.5673345527,12.1592430582,12.763451648,12.1826402385,13.645487069,14.3326959157,14.6582408601,13.6334369704,16.4735992091,19.619295218,11.4550420825,12.4471071942,14.4501140126,1981.4,59882,177541,186209,12555,229207000,15671190,190850,349218,195368,843645,1677300,2322700,833540,14268990,331552000,94376,254513,1886274
1982.1,11.0211341996,12.0925119333,12.1268508508,9.3698196865,19.2455313975,16.6047898396,12.179163829,12.7832476498,12.1780897509,13.6685279593,14.3539902585,14.6777674013,13.6213674006,16.4886835592,19.589838476,11.4663787823,12.4963438633,14.4629713277,1982.1,61153,178530,184767,11729,228154000,16269290,194690,356200,194481,863309,1713400,2368500,823540,14485860,321928000,95452,267358,1910683
1982.2,11.0358730513,12.1218047744,12.1599606419,9.3893230275,19.2731921331,16.6655636669,12.192480692,12.774733121,12.1822613944,13.683169314,14.39375181,14.7040600349,13.6341085782,16.5300377381,19.6130960166,11.5190168746,12.5251625379,14.4798898834,1982.2,62061,183837,190987,11960,234553000,17288700,197300,353180,195294,876042,1782900,2431600,834100,15097470,329503000,100611,275175,1943284
1982.3,11.0631635823,12.1325445052,12.1578850498,9.4054958868,19.2815095046,16.7606124752,12.208918592,12.7617951502,12.3272189081,13.6961209825,14.3957129795,14.7219125571,13.6414071396,16.5687374183,19.6506487268,11.5332867597,12.5162705729,14.5135507482,1982.3,63778,185822,190591,12155,236512000,19012600,200570,348640,225758,887462,1786400,2475400,840210,15693190,342112000,102057,272739,2009810
1982.4,11.1008284141,12.1357038279,12.2396283041,9.468696615,19.3232132642,16.8064413227,12.2590445303,12.8379027771,12.3530735407,13.7494658364,14.4018517342,14.7624080864,13.6999650172,16.6229408274,19.7995072902,11.5811166819,12.499230946,14.5553351963,1982.4,66226,186410,206825,12948,246584000,19904200,210880,376210,231671,936089,1797400,2577700,890880,16567290,397024000,107057,268131,2095568
1983.1,11.136004081,12.1329587945,12.2615688453,9.4279486318,19.3142472247,16.8202565853,12.2581431378,12.8708460714,12.3410798236,13.7551329681,14.3914495376,14.7745925441,13.690457409,16.5059634982,19.7633810428,11.6048845817,12.5383467968,14.5923217276,1983.1,68597,185899,211413,12431,244383000,20181090,210690,388810,228909,941409,1778800,2609300,882450,14738350,382937000,109632,278827,2174527
1983.2,11.1528303933,12.1329587945,12.3527886134,9.4476234868,19.339815428,16.8587254746,12.2734976218,12.8365462316,12.3557763092,13.7744729152,14.4330717516,14.7944755744,13.6963665967,16.5271815295,19.7832611385,11.6500229914,12.5622879839,14.6135567977,1983.2,69761,185899,231605,12678,250712000,20972560,213950,375700,232298,959793,1854400,2661700,887680,15054410,390626000,114694,285583,2221197
1983.3,11.1806504079,12.1256540339,12.3750471926,9.4595414576,19.3442370177,16.9056180289,12.291011042,12.8496618672,12.3693600297,13.7848100843,14.4442258784,14.7995720816,13.7047800944,16.5515850512,19.8104490639,11.660767717,12.5450381998,14.625923307,1983.3,71729,184546,236818,12830,251823000,21979440,217730,380660,235475,969766,1875200,2675300,895180,15426310,401392000,115933,280699,2248836
1983.4,11.2251367202,12.1262769907,12.4848628018,9.5359683068,19.3898864546,16.9483111493,12.3487867477,12.905500064,12.3912152195,13.8001319104,14.4816461893,14.8667167242,13.755484507,16.5932391733,19.9218516989,11.7063435602,12.5472196527,14.6540148682,1983.4,74992,184661,264306,13849,263585000,22938130,230680,402520,240678,984739,1946700,2861100,941740,16082450,448694000,121339,281312,2312905
1984.1,11.2485040861,12.1235276431,12.4867640904,9.4750096701,19.3798585366,16.9519234822,12.3678513011,12.914847082,12.4102943016,13.7932107553,14.4940008492,14.8679392823,13.7326396881,16.5463237062,19.8854766257,11.7298255665,12.5791178624,14.6750053044,1984.1,76765,184154,264809,13030,260955000,23021140,235120,406300,245314,977947,1970900,2864600,920470,15345360,432666000,124222,290430,2361967
1984.2,11.2524823539,12.1581788295,12.5460423304,9.4984473541,19.4027404896,16.9470059196,12.3856404141,12.8539086034,12.4219740356,13.8092872332,14.5233000153,14.888531497,13.7414225856,16.5683588385,19.8946562577,11.7618147327,12.618116069,14.696286023,1984.2,77071,190647,280981,13339,266995000,22908210,239340,382280,248196,993796,2029500,2924200,928590,15687250,436656000,128260,301980,2412770
1984.3,11.2893193067,12.1616399737,12.5472089883,9.5159851448,19.4195942369,16.9835026888,12.4334074015,12.8595690205,12.4381362942,13.8165739923,14.5185090546,14.9020502654,13.7522725242,16.5999345908,19.9185343687,11.7868913998,12.6153106274,14.7109710387,1984.3,79963,191308,281309,13575,271533000,23759730,251050,384450,252240,1001064,2019800,2964000,938720,16190490,447208000,131517,301134,2448463
1984.4,11.3360928165,12.1858750402,12.6436466996,9.5898036775,19.4567400945,17.022539687,12.528916725,12.9750691384,12.5201787576,13.8617173882,14.5258589458,14.9492325571,13.8099752665,16.6418355257,20.0353589023,11.8511533025,12.6105806291,14.7583976501,1984.4,83792,196001,309789,14615,281809000,24705580,276210,431520,273807,1047291,2034700,3107200,994480,16883300,502627000,140246,299713,2567383
1985.1,11.3777584497,12.1747677197,12.6261011901,9.5279209948,19.4636746089,17.030190392,12.5320254608,12.9253504287,12.5247736188,13.8648767467,14.5451825132,14.9546567997,13.788416815,16.6208386985,20.0199349783,11.8777352313,12.656797885,14.768661527,1985.1,87357,193836,304401,13738,283770000,24895320,277070,410590,275068,1050605,2074400,3124100,973270,16532500,494934000,144024,313890,2593870
1985.2,11.4147722476,12.21085121,12.6906661973,9.5484541177,19.4844393036,17.0627114146,12.5392179254,12.8786088722,12.5306060398,13.8759280995,14.5711629439,14.9596378119,13.7972956695,16.6552291674,20.0314357886,11.9321488261,12.6730560936,14.800429935,1985.2,90651,200958,324703,14023,289724000,25718250,279070,391840,276677,1062280,2129000,3139700,981950,17110950,500659000,152078,319035,2677596
1985.3,11.4694854631,12.2177590922,12.6985866299,9.5532206049,19.4848672056,17.1295467332,12.5856385801,12.8651458458,12.5322888974,13.8799781391,14.5467720706,14.9718884835,13.8036201464,16.6859335446,20.0468145018,11.9520187541,12.6638771673,14.8171808695,1985.3,95749,202351,327285,14090,289848000,27495880,292330,386600,277143,1066591,2077700,3178400,988180,17644480,508418000,155130,316120,2722826
1985.4,11.5008832476,12.2422406269,12.8122120855,9.6264816201,19.5417196652,17.1677043027,12.6696179647,12.9805463247,12.5610441394,13.9200570424,14.5773438963,15.0149631616,13.8872450012,16.7529434729,20.1349344237,12.0172640936,12.6764168418,14.8459171652,1985.4,98803,207366,366668,15161,306804000,28565330,317940,433890,285228,1110207,2142200,3318300,1074370,18867350,555253000,165589,320109,2802205
1986.1,11.5133153889,12.255091355,12.8084824252,9.5683644055,19.5377745262,17.1886379719,12.6495076849,12.954063062,12.5328480192,13.9237046552,14.6082315434,15.0435123401,13.869657776,16.9272509596,20.0948927748,12.0292280627,12.7048034206,14.8551577429,1986.1,100039,210048,365303,14305,305596000,29169610,311610,422550,277298,1114264,2209400,3414400,1055640,22460100,533459000,167582,329326,2828219
1986.2,11.53929472,12.2563236469,12.8394592059,9.5803164622,19.5648621417,17.232805017,12.6697752147,12.9703304535,12.5547910198,13.9384677402,14.6302114341,15.0418708812,13.8822996696,16.9283145031,20.0998219421,12.0645378826,12.731484373,14.8889489599,1986.2,102672,210307,376796,14477,313987000,30486820,317990,429480,283450,1130836,2258500,3408800,1069070,22484000,536095000,173605,338231,2925421
1986.3,11.5611916824,12.2740583433,12.817762994,9.6002856684,19.5694029604,17.2778193449,12.6647941199,12.980845895,12.5703511093,13.9445658227,14.6325553752,15.0532179,13.8946821171,16.9547715836,20.1215595419,12.0667243676,12.7202815396,14.9069726783,1986.3,104945,214070,368709,14769,315416000,31890520,316410,434020,287895,1137753,2263800,3447700,1082390,23086800,547876000,173985,334463,2978626
1986.4,11.5922171214,12.3134685883,12.9022003798,9.6547766944,19.630557088,17.3369492845,12.7141545086,13.083975917,12.5938387123,14.0027143439,14.6767535881,15.0884402331,13.9503648252,16.9946554595,20.2191393902,12.0936483511,12.7284285395,14.9465012945,1986.4,108252,222675,401194,15596.1083041132,335307000,33833070,332420,481170,294737,1205873,2366100,3571300,1144370,24026200,604033000,178733,337199,3098725
1987.1,11.6196790099,12.3182533507,12.8694201949,9.7370201607,19.6219308451,17.3243337875,12.7379354284,13.0394164566,12.6147160309,14.0082204685,14.6998977408,15.0905939897,13.9407589914,16.980728189,20.1902133498,12.1195665954,12.7464036721,14.9314970375,1987.1,111266,223743,388256,16933.0084848195,332427000,33408930,340420,460200,300955,1212531,2421500,3579000,1133430,23693900,586811000,183426,343315,3052578
1987.2,11.65900653,12.3611900008,12.9058353949,9.8108154439,19.661402941,17.3990014405,12.7580881961,13.0644588029,12.6411548066,14.0265718114,14.7405231437,15.1073843435,13.953005585,17.0120876027,20.2075516168,12.1646463018,12.7736679409,14.9492714981,1987.2,115729,233559,402655,18229.8464355381,345811000,35998990,347350,471870,309018,1234988,2521900,3639600,1147396,24448700,597074000,191884,352804,3107321
1987.3,11.6929276675,12.3733778525,12.8629162539,9.864887768,19.6692434752,17.4540475813,12.7757236263,13.0424106657,12.6621199619,14.0365110145,14.7342782197,15.1100459263,13.9569337284,17.0351021266,20.2139440818,12.1762008943,12.7560910974,14.9544186227,1987.3,119722,236423,385739,19242.7138736969,348533000,38036150,353530,461580,315565,1247324,2506200,3649300,1151912,25017900,600903000,194114,346657,3123356
1987.4,11.7408814181,12.3967384587,12.9652556632,9.9095847012,19.7362709487,17.511354454,12.862581775,13.1233628777,12.6943151801,14.0751750274,14.7636874787,15.1233026909,14.0084612581,17.0757471122,20.2915316994,12.2073368461,12.7468928989,14.9769545996,1987.4,125603,242011,427306,20122.3154821028,372695000,40279550,385610,500500,325890,1296495,2581000,3698000,1212823,26055700,649382000,200253,343483,3194543
1988.1,11.7488983671,12.4064469334,12.8914270411,9.9155572035,19.7336272286,17.4997065618,12.8932520543,13.0895715546,12.7083347064,14.0734921556,14.7876143547,15.1081808171,13.9951117513,17.0785908105,20.2640533731,12.2369461172,12.757434463,15.0032561097,1988.1,126614,244372,396895,20242.8556623305,371711000,39813100,397620,483870,330491,1294315,2643500,3642500,1196740,26129900,631781000,206271,347123,3279679
1988.2,11.7693567796,12.4614200416,12.9601926226,9.9741620155,19.7687564897,17.5550420134,12.9057981415,13.0983575289,12.7260918783,14.0934634551,14.8101317632,15.1208361578,14.0101147073,17.1104915022,20.2879820378,12.293451455,12.7962481216,15.0167194462,1988.2,129231,258182,425148,21464.6358468664,385001000,42078270,402640,488140,336412,1320424,2703700,3688890,1214830,26976900,647081000,218262,360861,3324133
1988.3,11.8466009371,12.4691136041,12.9410788827,10.0065442929,19.7739533387,17.6246900995,12.8875267275,13.0814997153,12.7351585313,14.1021410777,14.7960522696,15.1238109447,14.0156638469,17.1405393844,20.3081518276,12.3034534075,12.7900715905,15.0185390165,1988.3,139609,260176,417099,22171.0861406637,387007000,45113410,395350,479980,339476,1331932,2665900,3699880,1221590,27799800,660265000,220456,358639,3330187
1988.4,11.9342179894,12.4977566994,13.0191006598,10.0265541154,19.8301446071,17.7060868173,12.9103081231,13.160910787,12.7471403332,14.1316875174,14.8157379447,15.1714230282,14.0647194378,17.1845496951,20.3806388989,12.4146262797,12.8179175755,15.0378758782,1988.4,152393,267736,450945,22619.1939660846,409376000,48939080,404460,519650,343568,1371873,2718900,3880300,1283010,29050600,709903000,246379,368766,3395209
1989.1,12.0368430143,12.5192579775,12.973751994,10.0408961541,19.8298807561,17.6812873008,12.9220814952,13.1394957761,12.7718437364,14.1368880108,14.8437361471,15.1497218392,14.0469238208,17.1932175208,20.3524006866,12.4250113689,12.8331815142,15.0325057024,1989.1,168863,273555,430952,22945.9368006606,409268000,47740340,409250,508640,352161,1379026,2796100,3797000,1260380,29303500,690137000,248951,374438,3377025
1989.2,12.0797438234,12.5557959829,12.9898463273,10.1375487326,19.861818341,17.713267688,12.9526658018,13.162295376,12.7830174156,14.1511209948,14.8677298071,15.1691267567,14.0482796349,17.2432460028,20.3810797071,12.4753705093,12.8789278291,15.0531543774,1989.2,176265,283735,437944,25274.4360886059,422550000,49291770,421960,520370,356118,1398794,2864000,3871400,1262090,30806800,710216000,261809,391965,3447481
1989.3,12.1357467431,12.58066609,12.9676422015,10.2582991441,19.8731256075,17.7754757491,12.949104629,13.151727986,12.7879865439,14.1772215994,14.8733702941,15.1830297638,14.0556528092,17.2739196854,20.3863038804,12.4701777016,12.8932922929,15.067173207,1989.3,186418,290880,428327,28518.2395016813,427355000,52455500,420460,514900,357892,1435784,2880200,3925600,1271430,31766400,713936000,260453,397636,3496151
1989.4,12.1757010631,12.6237232085,13.0322198276,10.2866202446,19.9415584442,17.8868776484,12.9831013101,13.2563346733,12.8080772,14.2002667082,14.9123880093,15.2204794593,14.1141696618,17.3140614849,20.4644601333,12.5052805398,12.9148987666,15.0939457288,1989.4,194017,303678,456900,29337.4531898852,457624000,58637070,435000,571680,365155,1469256,2994800,4075400,1348050,33067500,771973000,269758,406321,3591016
1990.1,12.1969965824,12.6276571355,13.0040211854,10.292977988,19.948075282,17.8837648772,13.004840308,13.2422952138,12.7948893353,14.2043786952,14.9491360025,15.2062948244,14.0895069067,17.3131538379,20.42478837,12.5340193572,12.9336623148,15.1018754618,1990.1,198193,304875,444196,29524.5673699453,460616000,58454830,444560,563710,360371,1475310,3106900,4018000,1315210,33037500,741947000,277623,414017,3619605
1990.2,12.2196105926,12.6511910655,13.0425146509,10.3310707848,19.9881501716,17.9176643817,13.0198875858,13.2464553586,12.792978367,14.2247817471,14.9427426969,15.2159789906,14.2187197902,17.3691657588,20.4457452942,12.5488996478,12.9693287412,15.1091842942,1990.2,202726,312135,461628,30670.9362980338,479450000,60470390,451300,566060,359683,1505720,3087100,4057100,1496620,34940800,757660000,281785,429050,3646157
1990.3,12.2607833439,12.6630606883,13.0399552076,10.3375957936,20.0038999299,17.9829986989,13.0087466506,13.226831495,12.7976853153,14.2412990728,14.9178160185,15.2141039747,14.2328778861,17.3859752144,20.4669945724,12.529394508,12.9706447378,15.1198681897,1990.3,211247,315862,460448,30871.7187683249,487061000,64553100,446300,555060,361380,1530797,3011100,4049500,1517960,35533100,773932000,276342,429615,3685321
1990.4,12.2957396599,12.6988096522,13.0954442881,10.3549124156,20.020084482,18.0453689215,13.0409363787,13.3636768513,12.8163896955,14.2924854563,14.952445721,15.2525217974,14.2846888467,17.4412585006,20.5611397714,12.554367575,12.981790106,15.1418943392,1990.4,218762,327358,486720,31410.9681669678,495008000,68707500,460900,636460,368203,1611193,3117200,4208100,1598680,37552800,850334000,283330,434430,3767395
1991.1,12.2829734997,12.704250624,13.0629508956,10.346835349,20.019641967,18.0664100503,13.0533776487,13.3385064827,12.8216636079,14.2864506236,14.9853886885,15.2208229249,14.2645560926,17.4504933318,20.5163486729,12.5551296465,12.9925280032,15.1552333545,1991.1,215987,329144,471159,31158.2815428249,494789000,70168500,466670,620640,370150,1601499,3221600,4076800,1566816,37901200,813087000,283546,439120,3817985
1991.2,12.2903770286,12.7261840229,13.0883204364,10.379279395,20.0270258787,18.0951389518,13.0476182793,13.3615220001,12.8233452945,14.308821084,15.0055771171,15.2267414044,14.268539682,17.5021925995,20.5343884375,12.5698855535,13.0151389034,15.1560522994,1991.2,217592,336443,483265,32185.7599119205,498456000,72213600,463990,635090,370773,1637729,3287300,4101000,1573070,39912200,827888000,287761,449162,3821113
1991.3,12.2915436701,12.7257440299,13.1162004254,10.3817073084,20.0214895324,18.1484874323,13.1038734881,13.343280452,12.8188960373,14.3161537159,14.9850161334,15.2203076823,14.2781118574,17.5177577642,20.5466790051,12.5617275694,13.0113468969,15.1587831109,1991.3,217846,336295,496928,32263.9990904847,495704000,76170700,490840,623610,369127,1649782,3220400,4074700,1588200,40538300,838126000,285423,447462,3831562
1991.4,12.3074145976,12.7461240064,13.1339994154,10.3831543031,20.0450584991,18.2432965782,13.1417933863,13.4027035641,12.839432666,14.3641728606,15.0033844677,15.2443374498,14.3464963921,17.5614695339,20.651249829,12.5977835974,13.0280351154,15.1739194585,1991.4,221331,343219,505852,32310.7187204556,507526000,83745800,509810,661790,376786,1730936,3280100,4173800,1700608,42349600,930516000,295902,454992,3889999
1992.1,12.3009054387,12.7585890064,13.1215990854,10.3887890837,20.0302786436,18.2439948768,13.1206218618,13.3698794901,12.8394830912,14.3659126008,14.9907751982,15.2219751259,14.3346971314,17.5655791804,20.6054716762,12.5829565068,13.0401115648,15.1764363406,1992.1,219895,347524,499618,32493.29644212,500080000,83804300,499130,640420,376805,1733950,3239000,4081500,1680660,42524000,888879000,291547,460520,3899802
1992.2,12.3181281993,12.776119554,13.1381323904,10.4142381548,20.031827196,18.2720101874,13.1566102028,13.3658427472,12.8438709505,14.3800450862,15.032735168,15.2316549411,14.3530443228,17.5914526378,20.6246216054,12.5730740872,13.0602006984,15.1767114449,1992.2,223715,353670,507947,33330.8327090388,500855000,86185300,517420,637840,378462,1758629,3377800,4121200,1711780,43638600,906065000,288680,469865,3900875
1992.3,12.3689480115,12.7975746223,13.1247225923,10.4082795881,20.0222981558,18.3080247923,13.1570546172,13.3038178918,12.8384900425,14.383371688,14.9986784329,15.2249353365,14.3773011222,17.6019181849,20.6233062655,12.567652043,13.0725805207,15.1767058051,1992.3,235378,361340,501181,33132.8192458204,496105000,89345800,517650,599480,376431,1764489,3264700,4093600,1753810,44097700,904874000,287119,475718,3900853
1992.4,12.3786931321,12.8356221955,13.1265725066,10.4394779651,20.0436151674,18.3825499167,13.212642742,13.4340304951,12.86507083,14.4308529415,15.0596856128,15.2565771549,14.4229309906,17.626864249,20.7040249119,12.5881053467,13.0760932353,15.1904218774,1992.4,237683,375353,502109,34182.8031617619,506794000,96258700,547240,682850,386571,1850290,3470071,4225200,1835690,45211600,980943000,293052,477392,3954726
1993.1,12.3906749328,12.8674040288,13.1300557154,10.4359332856,20.0394430488,18.3953639616,13.1877952494,13.4171501516,12.8834155945,14.4402123957,15.0749571413,15.241770547,14.4144074968,17.6283539068,20.6790923993,12.5812366093,13.0977079141,15.1789486943,1993.1,240548,387474,503861,34061.8505762257,504684000,97500100,533810,671420,393728,1867689,3523471,4163100,1820110,45279000,956788000,291046,487823,3909612
1993.2,12.4002898346,12.8832657337,13.202266383,10.4665418198,20.045281123,18.4282569717,13.2110699833,13.4144357982,12.8898611702,14.447388534,15.1177358456,15.2495469151,14.432348345,17.6602392485,20.695693181,12.5660625888,13.1166108634,15.1864762835,1993.2,242872,393669,541591,35120.5539186941,507639000,100760500,546380,669600,396274,1881140,3677471,4195600,1853059,46746000,972804000,286663,497132,3939153
1993.3,12.4115531191,12.9349247507,13.2200851923,10.4876125631,20.0429697265,18.5285274664,13.2047172584,13.4201838818,12.8964234198,14.4462625189,15.1314014997,15.2420107238,14.4498436018,17.6701925446,20.7065641368,12.5672444634,13.1028910156,15.1873281343,1993.3,245623,414540,551328,35868.4214884933,506467000,111387700,542920,673460,398883,1879023,3728071,4164100,1885764,47213600,983437000,287002,490358,3942510
1993.4,12.4343669091,12.9450723463,13.3064467147,10.5122628696,20.0658486687,18.5359637683,13.2180553025,13.4731047525,12.9503121003,14.4842374763,15.1989185074,15.293928208,14.5324401809,17.7167112124,20.7766435574,12.6030484882,13.1318918371,15.2052305449,1993.4,251291,418768,601058,36763.5766685415,518188000,112219100,550210,710060,420968,1951751,3988471,4386000,2048135,49461800,1054828000,297464,504787,4013726
1994.1,12.4621208518,12.9404529361,13.3160517531,10.5472658801,20.0593997502,18.5358951502,13.2349775218,13.4774610781,12.9714055949,14.4921212615,15.237309843,15.2864906773,14.5278719574,17.7140612175,20.7650553633,12.6000284415,13.1372894276,15.2064642973,1994.1,258363,416838,606859,38073.1991838298,514857000,112211400,559600,713160,429942,1967199,4144571,4353500,2038800,49330900,1042675000,296567,507519,4018681
1994.2,12.4682715117,12.9945504602,13.2785325901,10.5597694164,20.0664042972,18.584916399,13.2651815144,13.4777975519,12.9755325089,14.5087182367,15.2691530053,15.293928208,14.5344521829,17.7382301504,20.7583452946,12.6155032141,13.138561477,15.2019326609,1994.2,259957,440009,584512,38552.2374074029,518476000,117849200,576760,713400,431720,2000121,4278671,4386000,2052260,50537700,1035702000,301192,508165,4000511
1994.3,12.4848552348,13.0054002555,13.2261899171,10.5649122736,20.070106383,18.6256375138,13.2796747712,13.4643915796,12.9703048409,14.5102339956,15.2532038204,15.3003371751,14.5297394494,17.7521344645,20.7384253487,12.6047615134,13.135632946,15.1937185625,1994.3,264304,444809,554704,38751.0167661948,520399000,122747200,585180,703900,429469,2003155,4210971,4414200,2042611,51245300,1015275000,297974,506679,3967785
1994.4,12.5292569878,13.022078846,13.2016273204,10.5640407343,20.0960955176,18.7072023934,13.2812457025,13.4762965662,12.9910329894,14.5361333044,15.2400085286,15.3598337833,14.5568000739,17.7855816924,20.7943308268,12.6167773364,13.1346081038,15.2063271782,1994.4,276304,452290,541245,38717.2584459257,534101000,133178700,586100,712330,438464,2055713,4155771,4684800,2098640,52988300,1073651000,301576,506160,4018130
1995.1,12.5326640846,13.0180267818,13.1779664712,10.5888516964,20.089330516,18.6966421469,13.2852982204,13.4494055764,12.9889188382,14.5435450375,15.2483475595,15.3575685831,14.5301696884,17.788020764,20.7509325591,12.632835994,13.1486644518,15.2063689879,1995.1,277247,450461,528589,39689.8869089647,530500000,131779700,588480,693430,437538,2071006,4190571,4674200,2043490,53117700,1028053000,306458,513325,4018298
1995.2,12.5329850465,13.0424821567,13.2064673654,10.6172231513,20.0963426313,18.7302691118,13.3246346095,13.4502560575,13.000457856,14.5520007127,15.2917304001,15.3807666714,14.536472302,17.8139827824,20.7563543248,12.6462386524,13.1607298797,15.2312290035,1995.2,277336,461613,543871,40832.0728689221,534233000,136286400,612090,694020,442616,2088592,4376371,4783900,2056410,54514800,1033642000,310593,519556,4119445
1995.3,12.5744898782,13.0547823659,13.2141966105,10.6731807842,20.1013559406,18.7554951786,13.3301252347,13.4639226531,13.0047075837,14.5589786353,15.288182366,15.3916191687,14.5461702628,17.8236307062,20.7603881962,12.6357912454,13.1655684501,15.2366934252,1995.3,289089,467326,548091,43182.0761479637,536918000,139768100,615460,703570,444501,2103217,4360871,4836100,2076450,55043300,1037820000,307365,522076,4142017
1995.4,12.6110309586,13.0823639611,13.2619009468,10.6916407755,20.1235834982,18.8521092016,13.3312132592,13.5032761964,13.0360644738,14.5845051969,15.3104734323,15.4627643511,14.6017973826,17.8496503061,20.816910995,12.6749068413,13.1921897681,15.2614723771,1995.4,299848,480395,574871,43986.6199901868,548986000,153945500,616130,731810,458660,2157596,4459171,5192700,2195230,56494300,1098170000,319626,536161,4245934
1996.1,12.6168237581,13.0801612643,13.2919947534,10.7118606,20.1061218315,18.8373528188,13.3704102508,13.5389398583,13.0817246994,14.5914328636,15.3715204781,15.4396991423,14.6031039088,17.845531687,20.7846939006,12.6377576546,13.2052715143,15.2806812545,1996.1,301590,479338,592434,44885.0744127044,539483000,151690500,640760,758380,480088,2172595,4739871,5074300,2198100,56262100,1063354000,307970,543221,4328282
1996.2,12.6335666591,13.1007412959,13.2834681074,10.7470845717,20.133600809,18.8891444381,13.3628594982,13.549329017,13.0940153419,14.5880994964,15.4167693121,15.4489579229,14.6075931574,17.8657969923,20.8033950024,12.6434013412,13.2339780947,15.2850604601,1996.2,306682,489305,587404,46494.2799272387,554513000,159753800,635940,766300,486025,2165365,4959271,5121500,2207990,57413900,1083427000,309713,559041,4347278
1996.3,12.654526998,13.1067094922,13.2859097789,10.7723217543,20.1194197267,18.9498968219,13.3555839842,13.5710412199,13.0955655003,14.5884624179,15.4192866726,15.4514540727,14.6135896623,17.8612774334,20.8074865737,12.629898165,13.2362793902,15.2977773795,1996.3,313178,492234,588840,47682.596366726,546704900,169760100,631330,783120,486779,2166151,4971771,5134300,2221270,57155000,1087869000,305559,560329,4402915
1996.4,12.7121821659,13.1308195232,13.3401904211,10.7784511129,20.1464140082,18.9990431396,13.3772071259,13.6118999898,13.1274285278,14.6102892601,15.3992143706,15.5016872646,14.6736635731,17.8782887708,20.8383162535,12.6455236351,13.2464376925,15.3208014404,1996.4,331765,504246,621686,47975.7576261653,561663800,178311600,645130,815780,502539,2213951,4872971,5398800,2358800,58135600,1121930000,310371,566050,4505464
1997.1,12.7189351934,13.133770073,13.3459916112,10.8096376435,20.1207853446,19.0201846047,13.3678788017,13.601673566,13.1738508529,14.6213875838,15.4273797125,15.4993878162,14.6536797356,17.8621780863,20.7883239106,12.648245697,13.2712212177,15.3384005496,1997.1,334013,505736,625303,49495.5301037565,547452000,182121500,639140,807480,526418,2238659,5012171,5386400,2312130,57206500,1067221000,311217,580254,4585458
1997.2,12.7455556945,13.154336738,13.3833466888,10.891960125,20.1473041802,19.0508396678,13.3969298147,13.6012152453,13.1908179707,14.6225331493,15.4632978425,15.5147891744,14.6553607532,17.883995285,20.7870656478,12.6576576893,13.2952892662,15.347781424,1997.2,343024,516245,649103,53742.5388877587,562164000,187790900,657980,807110,535426,2241225,5195471,5470000,2316020,58468300,1065879000,314160,594389,4628676
1997.3,12.7604777385,13.1924340678,13.3827102236,10.9719927134,20.1349470305,19.1017057469,13.423001161,13.5921794891,13.1813527806,14.6184193551,15.4815690396,15.5283891443,14.6527710694,17.8678866354,20.7595582283,12.6465412535,13.3025509923,15.3552077479,1997.3,348181,536292,648690,58220.4946446308,555260000,197590200,675360,799850,530382,2232024,5291271,5544900,2310030,57534000,1036959000,310687,598721,4663178
1997.4,12.782742188,13.2129569972,13.4061533856,10.9739387831,20.1766333994,19.1313337986,13.4218603779,13.6246405672,13.191568493,14.6310700426,15.4957928801,15.571988213,14.6950792125,17.8933513457,20.7791025444,12.6694921469,13.3119931639,15.3851343012,1997.4,356020,547412,664077,58333.9061045224,578896000,203532000,674590,826240,535828,2260440,5367071,5792000,2409860,59017900,1057425000,317900,604401,4804840
1998.1,12.7752245107,13.206275667,13.4551975758,11.0022455469,20.1658064106,19.1344243543,13.4306459986,13.5775160247,13.2256741939,14.6388287364,15.5053223757,15.561894092,14.697420348,17.8929116695,20.7872323724,12.6717081629,13.3204996245,15.405439692,1998.1,353353.591669732,543766.750835308,697458,60008.7429781836,572662107.524697,204162000,680542.803098382,788207,554418,2278046.27439412,5418460.9508995,5733828.93752983,2415508.41820765,58991956.9383121,1066056723.02224,318605.25263216,609564.242627619,4903401.43168965
1998.2,12.8077348229,13.2233261183,13.4654692768,11.0372683433,20.1810578759,19.2015731988,13.4585842066,13.5982919196,13.2344895543,14.6475971801,15.5139265262,15.5829152742,14.7057249644,17.9025608513,20.7965975256,12.681092383,13.3288994612,15.4223104076,1998.2,365030.000702052,553117.711840604,704659,62147.6536542167,581462986.391441,218342000,699824.036936013,804754,559327,2298109.02603627,5465283.34930851,5855636.58537258,2435651.81469879,59563936.1806948,1076087403.6783,321609.187180838,614706.047627022,4986827.06915369
1998.3,12.8460163922,13.2397617838,13.5065081471,11.0435488877,20.1774669976,19.3235579149,13.44869429,13.6164533379,13.2121181545,14.6562894061,15.5224572765,15.5864351671,14.7139611817,17.9121178154,20.8058757858,12.6903893576,13.3372293279,15.4418585499,1998.3,379274.839805784,562283.687662015,734179,62539.203037302,579378767.88713,246669000,692936.948047829,819503,546953,2318171.77767842,5512105.74771752,5876284.11633727,2455795.21118993,60135915.4230774,1086118084.33437,324613.121729516,619847.852626426,5085269.32136125
1998.4,12.8636790181,13.2368736221,13.438867573,11.0624743776,20.2075148167,19.370553243,13.5657075807,13.6202861158,13.2412941985,14.6649067279,15.5309158682,15.6142151783,14.7221301175,17.921584308,20.8150687507,12.6996006939,13.3454903808,15.4679055443,1998.4,386033.340110475,560662.06429679,686161,63734.0590466843,597052028.007264,258538000,778954.239624191,822650,563146,2338234.52932057,5558928.14612654,6041815.94739935,2475938.60768108,60707894.6654601,1096148764.99043,327617.056278194,624989.657625829,5219465.41819625
1999.1,12.8735519317,13.2404864365,13.4982486164,11.0760707982,20.2005291601,19.4440736739,13.4899890035,13.6319254032,13.2745040385,14.6734504255,15.5393035118,15.6192638439,14.7302328622,17.9309620258,20.8321721455,12.7087279555,13.3536837474,15.4810621365,1999.1,389863.490209183,562691.295707891,728140,64606.5319347543,592895761.617645,278262000,722150.614531243,832281,582162,2358297.28096272,5605750.54453555,6072396.18559541,2496082.00417222,61279873.9078427,1115057874.02554,330620.990826872,630131.462625233,5288589.51780931
1999.2,12.905293097,13.2569877414,13.484035415,11.1060755821,20.2205981052,19.4357882277,13.5367035273,13.652700998,13.2874539973,14.6731454746,15.5689477784,15.6375278497,14.73767863,17.9557030174,20.8126668075,12.7348851243,13.3951912735,15.4967802113,1999.2,402436.700243472,572053.467936452,717864,66574.4122377664,604914754.992506,275966000,756685.906308478,849753,589750,2357578.22584469,5774416.54697906,6184321.45529675,2514736.6139351,62814909.6081259,1093519037.38651,339383.197576208,656837.068449573,5372372.69371962
1999.3,12.9362961463,13.2743829597,13.4330532293,11.1318527065,20.2156254521,19.5397065844,13.5248599623,13.6686935873,13.3315021176,14.6761850692,15.590324942,15.6299296038,14.73897619,17.9682832272,20.8623846741,12.7248636363,13.4124976066,15.510046454,1999.3,415108.888314766,582091.516767606,682183,68312.8184440109,601914190.299073,306187000,747776.908859921,863452,616308,2364755.20994726,5899186.05148037,6137509.52968044,2518001.75348512,63610125.8523401,1149260666.74809,335999.058307027,668303.443829803,5444118.74193868
1999.4,12.9743628136,13.2891085177,13.429906899,11.1515933722,20.2351521328,19.6125313707,13.5825699883,13.7019957753,13.3659838384,14.7043725202,15.5992389151,15.6460473494,14.7698696527,18.0171006401,20.8545204461,12.7758461544,13.4164928331,15.5259223888,1999.4,431215.314336744,590726.561087217,680040,69674.7575184595,613783079.372894,329317000,792200.65290861,892691,637930,2432359.95811949,5952006.30670062,6237233.85373596,2597005.61484096,66792452.135359,1140258064.54556,353573.320010973,670978.808243366,5531238.94334756
2000.1,12.957898737,13.3173120044,13.4339543408,11.1866448327,20.2322752925,19.6752877255,13.5882435757,13.7088592095,13.3883916903,14.7053481491,15.608601692,15.6496674599,14.7605496721,18.0357372655,20.8715053145,12.7587992548,13.4666880656,15.5411683141,2000.1,424173.876815155,607624.276953685,682798,72160.2653989301,612019860.944794,350646000,796708.04694796,898839,652386,2434734.19671675,6007995.31124154,6259854.24919246,2572914.01396716,68048909.7427392,1159790606.97946,347597.074067526,705518.354063222,5616213.91407878
2000.2,12.9958864321,13.324849717,13.4644924411,11.2369198666,20.2416726991,19.7553449118,13.6407794995,13.7199221395,13.3221383991,14.7124996429,15.6400460341,15.6498375697,14.7555803983,18.0711598009,20.8571275274,12.7652635452,13.4684829661,15.5537574413,2000.2,440597.232511184,612221.679294304,703971,75880.8682639029,617798369.425725,379872000,839682.81596132,908838,610564,2452208.59279257,6199914.34178819,6260919.20242232,2560160.2144621,70502575.634927,1143234688.48563,349851.320683822,706785.826430421,5687364.06488739
2000.3,13.0100517313,13.3596568842,13.3960950946,11.2617167974,20.2363923196,19.7889002343,13.646804528,13.7297598406,13.3102212472,14.7118465834,15.6066646435,15.6520861782,14.7495607666,18.0978473368,20.9029199024,12.7457116582,13.5009331478,15.5702795291,2000.3,446882.837750176,633906.587495246,657431,77786.0040449491,614544757.278849,392835000,844757.200231885,917823,603331,2450607.67762413,5996368.79718997,6275013.39825456,2544795.28494485,72409447.3304583,1196803275.93625,343077.503455985,730097.340799156,5782111.75315012
2000.4,13.0110803263,13.3532403544,13.3768613993,11.2846383367,20.2484192971,19.839076788,13.6656484601,13.7210185434,13.1804926531,14.7205063643,15.5941015512,15.6719093261,14.7736400183,18.132055167,20.8728198291,12.7813917872,13.5250531738,15.5844217785,2000.4,447342.735699904,629852.128681354,644907,79589.5702899678,621980498.380726,413049000,860826.678084726,909835,529926,2471921.55668867,5921507.09448919,6400645.01045133,2606815.75790839,74929270.537985,1161316171.09654,355539.554774573,747921.401916314,5864464.77527533
2001.1,13.0432974114,13.3662458745,13.3779121615,11.3197731253,20.2463062194,19.8402357848,13.6779243623,13.7129267706,13.1864736819,14.731005392,15.6204908066,15.6763333027,14.7703736625,18.1305914107,20.8961962857,12.7843317534,13.5561840167,15.6153172109,2001.1,461989.485620572,638097.18259165,645585,82435.6382403273,620667592.855748,413528000,871459.230743478,902502.52828156,533105,2498011.04710311,6079851.36201317,6429024.04189152,2598314.8609514,74819672.5758272,1188783420.851,356586.367085334,771571.032091459,6048477.89562457
2001.2,13.0735267248,13.3839738315,13.394210232,11.3575888094,20.2589593697,19.8906151806,13.7207167935,13.7208531216,13.1870756334,14.7258924917,15.6532247509,15.6930640872,14.7780717329,18.1778613953,20.8975890374,12.8095315072,13.5630901742,15.6348103208,2001.2,476168.3393663,649510.207876181,656193,85612.6909084382,628570888.571001,434895000,909560.498817667,909684.505925572,533426,2485271.56114411,6282162.02636141,6537491.5004885,2618394.05809405,78441320.6295805,1190440254.43862,365686.433892641,776918.06566387,6167538.19823395
2001.3,13.1085982065,13.3935459715,13.4154015801,11.3774554603,20.2512167978,19.9420303361,13.7104129627,13.7287171393,13.1721283044,14.7311357312,15.6282706299,15.6920529968,14.7811355657,18.1876143804,20.9437401776,12.8165196347,13.5590892681,15.6687215343,2001.3,493164.567943184,655757.261640188,670247,87330.5357642919,623722925.334695,457840000,900236.659459898,916866.483569583,525512,2498336.65696788,6127336.00256847,6530884.84619213,2626428.68183458,79210100.5168621,1246667935.62355,368250.847119532,773815.89933074,6380273.57376724
2001.4,13.1353558096,14.1504039007,13.4119042213,11.3963897906,20.0589805498,19.963074599,13.7496702397,13.9116204179,13.2188782858,14.7688573541,15.65469238,15.7238294383,14.7965432338,18.2146385581,20.9245498171,12.8172112601,13.6034791566,15.6828732825,2001.4,506538.600276889,1397791.2927236,667907,88999.8346238078,514641216.972199,467577000,936280.359210744,1100880,550663,2594377.99999642,6291388.67879512,6741745.58570465,2667209.18275344,81379874.4755575,1222972022.27944,368505.626835379,808939.295395545,6471207.51860304
2002.1,13.0936823573,14.1583527915,13.4083510151,11.3898027447,20.0601022505,20.0016471628,13.7579186997,13.9165135936,13.2199400776,14.7581901798,15.6791012345,15.7330887637,14.7860346212,18.1997897513,20.9431195909,12.845382972,13.6188640755,15.6939356664,2002.1,485863.188102185,1408946.45987302,665538,88415.5152164287,515218814.265729,485965000,944035.168997854,1106280,551248,2566850.39934592,6446843.79252673,6804459.49812981,2639327.2714437,80180407.8084994,1245894510.09442,379034.675527217,821480.989897802,6543191.92578629
2002.2,13.1197045374,14.1568796309,13.4387276544,11.415714038,20.0649370389,20.0175175955,13.7985548301,13.9113751295,13.2272673889,14.753421883,15.7081588827,15.7414021777,14.7942551172,18.2311360675,20.9425541802,12.8602066534,13.6403295082,15.703200112,2002.2,498672.345780247,1406872.38356886,686065,90736.4144636852,517715819.597902,493739000,983187.211420879,1100610,555302,2554640.02941716,6636922.1525121,6861263.57750778,2661113.27396557,82733575.365725,1245190267.1241,384695.216170593,839305.05101496,6604092.64113503
2002.3,13.1578174808,14.1746284382,13.4660240013,11.4438063107,20.0581899751,20.0329207269,13.7679811987,13.932066174,13.2466726265,14.752508015,15.6813719321,15.7590828784,14.7928334633,18.2391309604,21.014841777,12.8620622218,13.6434857004,15.7236348679,2002.3,518045.04702344,1432065.60385032,705050,93321.547683728,514234515.453839,501403000,953582.476203566,1123620,566183,2552306.49205299,6461499.25813482,6983654.31351738,2657332.77980787,83397672.593394,1338535278.05989,385409.707112859,841958.243900234,6740433.96864768
2002.4,13.1893888533,14.1769742969,13.4534453986,11.4649183382,20.0699649491,20.0672294529,13.8227596014,13.947809942,13.2746174026,14.7741979879,15.7177319781,15.7767579315,14.8259014321,18.2752681732,20.973798439,12.9273280059,13.6552117985,15.7442667845,2002.4,534661.359902724,1435428.97083004,696237,95312.6994291595,520325403.155854,518904000,1007275.3813068,1141450,582228,2608270.6875598,6700763.13147262,7108188.10355745,2746674.40918661,86466548.3798277,1284709473.40348,411402.776818696,851889.240946437,6880946.57803354
2003.1,13.2069972263,14.1709589971,13.4687718005,11.4806786519,20.0670446862,20.0822536964,13.8150833392,13.9696383804,13.3084295809,14.7841405936,15.7488568749,15.7777202047,14.8276395057,18.2808587899,20.999318374,12.8826014392,13.694516176,15.7593424037,2003.1,544159.252342747,1426820.35296527,706990,96826.757147473,518808132.653446,526759000,999572.872505383,1166640,602251,2634333.04381885,6912603.34341023,7115031.41412711,2751452.48262058,86951303.4876022,1317917101.6264,393407.574714655,886038.937393875,6985466.98382776
2003.2,13.2416262025,14.1689701989,13.50238349,11.5102546208,20.0791472512,20.0987656014,13.8532023231,13.977782457,13.3238255777,14.7981176798,15.7680656375,15.8006893543,14.8384506568,18.3149746209,20.9967172207,12.9055244011,13.7176942983,15.7824470774,2003.2,563332.997733776,1423985.51508236,731157,99733.2719330788,525125191.025272,535529000,1038411.10901428,1176180,611595,2671411.86716918,7046669.39922732,7280348.96859964,2781360.22835238,89968900.7123475,1314493451.92179,402529.796279861,906815.507028211,7148742.87429308
2003.3,13.2713336251,14.1730278648,13.5094689764,11.5220174104,20.0727027477,20.0920638177,13.8301068222,13.9835895019,13.3368584381,14.7974318314,15.7615339053,15.8334712544,14.8403969398,18.3162362981,21.0325889927,12.9082725616,13.7175149831,15.7954327672,2003.3,580319.228529145,1429775.31109746,736356,100913.340266392,521751901.124863,531952000,1014703.30993336,1183030,619618,2669580.31167987,7000792.43295971,7522967.66523228,2786778.81394159,90082484.0549474,1362502599.9039,403637.534174847,906652.915820757,7242179.5882528
2003.4,13.3141559331,14.1821380973,13.5120648903,11.555126173,20.082366509,20.1319222537,13.8560257177,13.9981737231,13.3548978952,14.8308609749,15.8028973084,15.8715405733,14.8570009538,18.360711207,21.0158974545,12.9730631916,13.7385710245,15.792581767,2003.4,605709.594466707,1442860.41025191,738270,104310.381709171,526818428.394103,553583000,1041347.09616543,1200410,630897,2760330.49440594,7296441.40450352,7814883.1783509,2833436.81145745,94179322.3034141,1339949085.73583,430655.261433545,925945.840687074,7221561.53785098
2004.1,13.337938133,14.2002768146,13.5585749317,11.5831024557,20.0792795423,20.1331751198,13.8690141726,14.0016083093,13.3659054569,14.8338595514,15.8267735864,15.8712839781,14.8551787302,18.3793671349,21.040052498,12.9546840433,13.728598365,15.8080407589,2004.1,620287.359694916,1469270.84905936,773418,107269.802204378,525194664.975415,554277000,1054960.80500844,1204540,637880,2768619.9788798,7472749.6847204,7812878.1738132,2828278.35724162,95952816.6001498,1372709688.19421,422812.477137047,916757.589838559,7334066.96894533
2004.2,13.3644050971,14.2262879372,13.5871006638,11.6186052293,20.0863206933,20.1369387064,13.9114486179,13.9775698819,13.3702089071,14.8448588217,15.8423013731,15.8931757226,14.8624146214,18.4310285674,21.0381847166,12.9741429387,13.7553818011,15.8267632852,2004.2,636923.668137232,1507989.60940929,795798,111146.588851258,528905689.553165,556367000,1100690.88504058,1175930,640631,2799240.87324559,7589690.51442947,7985801.59795825,2848817.69242684,101040154.734494,1370148159.60693,431120.511349439,941643.282715827,7472672.70661772
2004.3,13.3851793881,14.218937961,13.6036493707,11.6462639165,20.0787425445,20.1469020815,13.889987651,14.0040046918,13.3611739574,14.842335357,15.8534168896,15.897193013,14.8700119671,18.4396921726,21.0877903238,12.9818471962,13.7570423465,15.8361764266,2004.3,650293.70135833,1496946.55449252,809077,114263.666004476,524912712.301839,561938000,1077320.66504911,1207430,634869,2792185.9928423,7674524.45763942,8017947.40841517,2870543.57024448,101919329.660022,1439829187.61037,434454.802413346,943208.223087573,7543346.13949797
2004.4,13.4251485473,14.235927483,13.616593657,11.6766333684,20.0849582848,20.1254779259,13.9092644703,14.0206693487,13.3830015376,14.876876627,15.9049264735,15.9316910981,14.8859220702,18.4936480463,21.0772516491,13.0278652547,13.7879981818,15.8485337968,2004.4,676811.817050876,1522596.23172123,819618,117787.021301803,528185594.595471,550027000,1098289.43722661,1227720,648879,2890316.66583643,8080194.26956701,8299377.73386942,2916579.46112678,107569536.358805,1424734972.41011,454914.721333729,972862.642174376,7637140.39190396
2005.1,13.432029197,14.2620181312,13.6461198364,11.7017008161,20.0819765848,20.1137628708,13.9167466438,14.0269296456,13.4023030547,14.8939845058,15.9203378942,15.9351078395,14.8957143806,18.5280714458,21.1168465351,13.0199566932,13.7895258427,15.8571728909,2005.1,681484.780131368,1562844.52324527,844179,120776.959789854,526613049.198422,543621000,1106537.84884546,1235430,661525,2940189.24345656,8205686.06251642,8327783.06045109,2945279.80463489,111336916.490725,1482278896.12396,451331.189243451,974349.982197109,7703404.18394682
2005.2,13.4508983394,14.3017048227,13.7327852553,11.7321403162,20.0842466002,20.139254636,13.9241732498,14.0817289243,13.4169341681,14.9098058967,15.9375716433,15.9629672576,14.9053853247,18.636365644,21.113522439,13.0396421291,13.8233732229,15.8636958097,2005.2,694465.899651501,1626115.86254718,920604,124509.875899044,527809826.733744,557657000,1114786.26046432,1305020,671275,2987077.06398299,8348326.3812012,8563052.26504061,2973901.61791707,124071136.925345,1477359838.80226,460303.866192834,1007893.65687131,7753817.10487152
2005.3,13.4706637048,14.3066369668,13.7416540926,11.7584618647,20.0778243444,20.1528423557,13.9315451078,14.0756878173,13.4294156307,14.9130707467,15.9422522322,15.9639356157,14.9091119985,18.6543769412,21.1615537964,13.0437248947,13.8696858203,15.8763118645,2005.3,708328.82350133,1634155.91123204,928805,127830.681274757,524430958.63296,565286000,1123034.67208317,1297160,679706,2996845.359926,8387493.05478975,8571348.38217693,2985005.0556428,126326065.179487,1550051195.06928,462187.02061431,1055669.60507982,7852259.35707908
2005.4,13.4991673566,14.3287847099,13.7659662595,11.7916214261,20.087091263,20.1556211535,13.9388630188,14.1271923201,13.4483869304,14.9346966726,15.9902505134,15.9886666124,14.9229472935,18.7249841356,21.1547982725,13.0962361846,13.9179003381,15.8878109274,2005.4,728809.278936476,1670752.54717809,951663,132140.552410814,529313405.289774,566859000,1131283.08370203,1365720,692724,3062360.77813263,8799896.45902377,8785969.32692081,3026590.49137744,135568029.578708,1539615077.51157,487105.58456201,1107815.19198865,7943074.12243278
2006.1,13.5179672467,14.3608667458,13.8090386603,11.811844464,20.0797599057,20.1353683659,14.0045150916,14.1316572943,13.4496968395,14.9454838651,16.0133735837,15.972744499,14.940045876,18.7581339357,21.132188226,13.0858120418,13.9241080875,15.9266702639,2006.1,742640.417844357,1725222.77639054,993549,134840.039731454,525447009.896379,555494000,1208046.42936423,1371831.53836782,693632,3095573.86938348,9005747.87003768,8647185.92131049,3078785.8601879,140137401.101594,1505194896.31892,482054.299760876,1114713.62072852,8257812.36744604
2006.2,13.566334904,14.3782837719,13.8321513291,11.8378742397,20.0786676697,20.1713004598,14.0601704136,14.1950837642,13.4473397895,14.965805253,16.0190636881,15.9977451941,14.9578283404,18.8239045914,21.1660146618,13.115058229,13.9365393418,15.9388403581,2006.2,779443.049099964,1755534.22786031,1016780,138395.975048168,524873411.039043,575817000,1277186.81143338,1461660.62863191,691999,3159123.7506266,9057137.58347817,8866096.63796866,3134023.93921274,149664187.35641,1556981210.28298,496360.734674615,1128657.39900931,8358924.74769192
2006.3,13.5873072568,14.395303997,13.8367239544,11.8534419975,20.0715924775,20.1871292428,14.06592287,14.2349070051,13.4732638813,14.972209549,16.0343068446,15.9984400061,14.9618735547,18.8607438348,21.1715179111,13.1177215838,13.9500437149,15.9596641989,2006.3,795962.423332288,1785669.54305635,1021440,140567.3479135,521172936.994813,585004000,1284554.94498195,1521043.2484847,710173,3179420.63840194,9196254.54608108,8872259.04922598,3146727.41446575,155280518.321436,1565573286.45832,497684.481459123,1144002.58995056,8534814.6617663
2006.4,13.6391219283,14.4479137007,13.8578801543,11.8872464895,20.0797309237,20.1987097131,14.1121771043,14.2396631552,13.4964368847,14.9848121209,16.046386553,16.0282835493,14.9828721482,18.9412394721,21.2177732421,13.1551189175,13.9953482081,15.9913970733,2006.4,838292.134858076,1882128.17150531,1043280,145400.38464116,525431781.608131,591818000,1345366.60720286,1528294.78956492,726822,3219743.06518558,9308016.28516297,9141029.27514798,3213502.90632161,168296770.845343,1639690337.11115,516648.954221276,1197023.01081646,8809991.85394846
2007.1,13.6632482459,14.0958719397,13.9088369532,11.9008298503,20.0779323968,20.1772688902,14.1603218366,14.2621829859,13.5000241699,14.9999925035,16.0681187101,16.0282968402,14.9899917521,18.9860925586,21.2076455787,13.1621162486,14.0204000492,16.0182383696,2007.1,858762.987312086,1323608.05370749,1097820,147388.885209607,524487627.736764,579264000,1411723.47215366,1563102.18674999,729434,3268992.86640516,9512513.59293752,9141150.7684696,3236463.41213836,176017249.837784,1623167913.20785,520276.795827354,1227389.42015526,9049665.64416092
2007.2,13.7182595723,14.0966035726,13.9280353488,11.9355069277,20.0853857996,20.1967697368,14.2072217132,14.3170315772,13.5048655096,15.0248284445,16.0914257936,16.0536735875,15.0089990848,19.0307175666,21.2236856604,13.1895224158,14.0617244831,16.0305764432,2007.2,907328.251213458,1324576.803213,1119100,152589.551812448,528411450.00863,590671000,1479510.30080056,1651230.91565734,732974,3351197.97538297,9736826.42580987,9376091.85395159,3298568.30320378,184049916.964856,1649413587.83134,534732.775356915,1279173.19154006,9162012.73332301
2007.3,13.8239103839,14.1323266391,13.9544895852,11.9728348,20.0753934882,20.1855468056,14.2232938405,14.3229743414,13.5014365966,15.0538718495,16.0790833609,16.0688721563,15.0293991889,19.0447947605,21.2109814668,13.2178198809,14.0671168101,16.0690473336,2007.3,1008435.20343878,1372750.07407766,1149100,158393.037146516,523157690.563117,584079000,1503481.29527859,1661073.00727518,730465,3449955.35915083,9617388.89266536,9519683.4608392,3366550.50453773,186659145.540301,1628591661.29353,550080.483891941,1286089.54253011,9521351.23919472
2007.4,13.9006617753,14.1556497318,13.9724972126,11.999903112,20.0877940868,20.2020244907,14.270099278,14.3479148322,13.5291795724,15.0976302009,16.0887777642,16.1047931965,15.0595263496,19.0815912667,21.4046081999,13.2845830341,14.1157324419,16.1061364432,2007.4,1088881.7120833,1405143.13605512,1169980,162739.023204605,529685550.125367,593783000,1575525.26775355,1703021.92215856,751014,3604271.40297218,9711077.13083387,9867856.32206372,3469518.3891927,193655480.906412,1976529171.8326,588059.277621522,1350158.35277197,9881120.1936839
2008.1,13.911108924,14.22131222,14.0011848215,12.0997691099,20.0808798996,20.2105283868,14.2627909661,14.3587971079,13.5277058113,15.1151860652,16.0948416235,16.1074824912,15.0663688865,19.0842760601,21.4053344899,13.3124469749,14.1254164624,16.1486768173,2008.1,1100317.05057333,1500504.91589042,1204030,179830.336412919,526035837.041963,598854000,1564052.81092458,1721655.88220332,749908,3668106.2004207,9770142.63833696,9894429.61135189,3493340.10451065,194176104.438165,1977965226.4998,604675.346046305,1363296.82787271,10310535.7344812
