The base currency: U.S. dollar,,,,,,,,,,,,,,,,,,,,,,,,,,,,,,,,,,,,,
,Australia,Canada,Denmark,UK,Japan,Korea,Norway,Sweden,Switzerland,Austria,Belgium,France,Germany,Spain,Italy,Finland,Netherlands,United States,,Australia,Canada,Denmark,UK,Japan,Korea,Norway,Sweden,Switzerland,Austria,Belgium,France,Germany,Spain,Italy,Finland,Netherlands,United States
,AUS,CAN,DEN,GBR,JPN,KOR,NOR,SWE,CHE,AUT,BEL,FRA,GER,ESP,ITA,FIN,NET,USA,,AUS,CAN,DEN,GBR,JPN,KOR,NOR,SWE,CHE,AUT,BEL,FRA,GER,ESP,ITA,FIN,NET,USA
,s_1,s_2,s_3,s_4,s_5,s_6,s_7,s_8,s_9,s_10,s_11,s_12,s_13,s_14,s_15,s_16,s_17,s_18,,S_AUS,S_CAN,S_DEN,S_GBR,S_JPN,S_KOR,S_NOR,S_SWE,S_CHE,S_AUT,S_BEL,S_FRA,S_GER,S_ESP,S_ITA,S_FIN,S_NET,S_USA
1973.1,-0.3485419607,-0.0010005003,1.8258387829,-0.9073307105,5.5828570067,5.9887107589,1.77537599,1.5025762707,1.1746469749,3.0281994637,3.6908774568,1.5131912943,1.0432757436,4.0669733654,6.3673291854,1.353254507,1.0799390234,0,1973.1,0.705716302,0.999,6.208,0.403600113,265.83,398.9,5.9025,4.49325,3.237,20.66,40.08,4.5412,2.8385,58.38,582.5,3.87,2.9445,1
1973.2,-0.3485419607,-0.0016012814,1.7387102481,-0.9485642924,5.5808612611,5.9887107589,1.6826883742,1.4085449701,1.0851892683,2.9101743852,3.5849068637,1.4122057429,0.8858315244,4.0625098387,6.370072201,1.2950011027,0.9631743178,0,1973.2,0.705716302,0.9984,5.69,0.3872966692,265.3,398.9,5.38,4.09,2.96,18.36,36.05,4.105,2.425,58.12,584.1,3.651,2.62,1
1973.3,-0.39877612,0.0057832448,1.7457155307,-0.8810779761,5.5823678528,5.9856979522,1.7101878155,1.4355606024,1.1059188639,2.8859174075,3.608211551,1.4469189829,0.881906305,4.0405921062,6.3351429001,1.3107622985,0.9299963789,0,1973.3,0.6711409396,1.0058,5.73,0.4143360265,265.7,397.7,5.53,4.202,3.022,17.92,36.9,4.25,2.4155,56.86,564.05,3.709,2.5345,1
1973.4,-0.3974329364,-0.0042088448,1.8389610707,-0.8429455456,5.6347896032,5.9851949341,1.7452791353,1.5233352134,1.1768071363,2.9882040071,3.7213466443,1.549369386,0.9943622673,4.0421736899,6.4100432944,1.346773603,1.0383313578,0,1973.4,0.6720430108,0.9958,6.29,0.4304407713,280,397.5,5.7275,4.5875,3.244,19.85,41.32,4.7085,2.703,56.95,607.92,3.845,2.8245,1
1974.1,-0.3974329364,-0.0279880365,1.800884377,-0.8729656071,5.6204008657,5.9887107589,1.7001922757,1.4798985411,1.0986122887,2.929592471,3.6622787723,1.5819433781,0.9254486697,4.0814281703,6.4333419412,1.3166762942,0.9878669304,0,1974.1,0.6720430108,0.9724,6.055,0.417710944,276,398.9,5.475,4.3925,3,18.72,38.95,4.8644,2.523,59.23,622.25,3.731,2.6855,1
1974.2,-0.3974329364,-0.0281937344,1.7917594692,-0.8715025491,5.6493262889,5.9889614169,1.6919391339,1.4770487244,1.0979453997,2.9069010598,3.637915053,1.5733754069,0.9380522237,4.0468161018,6.4733041046,1.2867502308,0.9751255176,0,1974.2,0.6720430108,0.9722,6,0.4183225267,284.1,399,5.43,4.38,2.998,18.3,38.0125,4.8229,2.555,57.215,647.62,3.621,2.6515,1
1974.3,-0.2700271372,-0.0143017847,1.8133578688,-0.8468549052,5.6987699328,5.9889614169,1.7110915662,1.495148766,1.080448318,2.9349201342,3.6694417602,1.5563113597,0.9755779892,4.0523065509,6.4929214209,1.3410354547,0.9945472298,0,1974.3,0.7633587786,0.9858,6.131,0.4287613086,298.5,399,5.535,4.46,2.946,18.82,39.23,4.7413,2.6527,57.53,660.45,3.823,2.7035,1
1974.4,-0.2829207554,-0.0088389487,1.7316555452,-0.8537768265,5.706944138,6.1820849067,1.6496197021,1.4062195299,0.932164081,2.8408313123,3.5869159399,1.4916673767,0.8794192571,4.0273496934,6.4760950551,1.267229254,0.9188873577,0,1974.4,0.7535795026,0.9912,5.65,0.4258037045,300.95,484,5.205,4.0805,2.54,17.13,36.1225,4.4445,2.4095,56.112,649.43,3.551,2.5065,1
1975.1,-0.3028415842,0.0031948909,1.6937790609,-0.8792117236,5.6828992637,6.1820849067,1.5922917536,1.3716882087,0.9274284763,2.8127104716,3.5456584109,1.4387682084,0.8522854019,4.0249587564,6.4489210392,1.2629961448,0.8731744408,0,1975.1,0.7387161114,1.0032,5.44,0.4151100042,293.8,484,4.915,3.942,2.528,16.655,34.6625,4.2155,2.345,55.978,632.02,3.536,2.3945,1
1975.2,-0.2820160508,0.0301411569,1.7001922757,-0.787547856,5.6915411882,6.1820849067,1.5983769651,1.3710538117,0.9184883154,2.8115089095,3.5624655293,1.396244692,0.8564557982,4.0269575435,6.4464021262,1.267229254,0.8919980393,0,1975.2,0.7542615779,1.0306,5.475,0.4549590537,296.35,484,4.945,3.9395,2.5055,16.635,35.25,4.04,2.3548,56.09,630.43,3.551,2.44,1
1975.3,-0.227932068,0.0248877155,1.8281717553,-0.713390887,5.712742216,6.1820849067,1.7404661748,1.5058535962,1.0106914073,2.9362476267,3.6887544463,1.5119904503,0.9788898736,4.0907380666,6.5327708781,1.3724489543,1.0064969998,0,1975.3,0.7961783439,1.0252,6.2225,0.4899799108,302.7,484,5.7,4.508,2.7475,18.845,39.995,4.53575,2.6615,59.784,687.3,3.945,2.736,1
1975.4,-0.2288074809,0.0162669725,1.8209136589,-0.7048286853,5.720803459,6.1820849067,1.7200844325,1.4783036444,0.9631743178,2.9183111266,3.6769966322,1.500849972,0.9640517953,4.0905707838,6.5272998064,1.3480731483,0.9889834173,0,1975.4,0.7954816641,1.0164,6.1775,0.4941932296,305.15,484,5.585,4.3855,2.62,18.51,39.5275,4.4855,2.6223,59.774,683.55,3.85,2.6885,1
1976.1,-0.2220229236,-0.0159261506,1.8037703819,-0.6500830911,5.7027819743,6.1820849067,1.7070182408,1.4817181708,0.9298780054,2.9030685887,3.6648428763,1.540944916,0.9314945656,4.2037219992,6.7337232688,1.344430157,0.9882392312,0,1976.1,0.8008970046,0.9842,6.0725,0.5220024012,299.7,484,5.5125,4.4005,2.5342,18.23,39.05,4.669,2.5383,66.935,840.27,3.836,2.6865,1
1976.2,-0.2115566821,-0.031903549,1.8164520818,-0.5773434348,5.695078034,6.1820849067,1.7160476475,1.4931737227,0.9054319885,2.9128939952,3.6812882134,1.5560898769,0.9455388062,4.218050762,6.7339969528,1.3576376519,1.0063142345,0,1976.2,0.8093234056,0.9686,6.15,0.5613877505,297.4,484,5.5625,4.4512,2.473,18.41,39.6975,4.74025,2.5742,67.901,840.5,3.887,2.7355,1
1976.3,-0.2129315862,-0.0271656681,1.7698546338,-0.5173045899,5.6610489321,6.1820849067,1.6724127116,1.4546536986,0.8978008426,2.8502728815,3.6272699725,1.5947059277,0.8905625833,4.2161786406,6.7564671648,1.351961682,0.9433220709,0,1976.3,0.8082114281,0.9732,5.87,0.5961251863,287.45,484,5.325,4.283,2.4542,17.2925,37.61,4.92688,2.4365,67.774,859.6,3.865,2.5685,1
1976.4,-0.0828694778,0.0091579378,1.7557004194,-0.5320390202,5.6794897821,6.1820849067,1.6457698417,1.4174295901,0.8958839221,2.819442489,3.5830327092,1.603369537,0.8597203804,4.2237340557,6.7742238864,1.3262789287,0.8989410935,0,1976.4,0.9204712813,1.0092,5.7875,0.587406015,292.8,484,5.185,4.1265,2.4495,16.7675,35.9825,4.96975,2.3625,68.288,875,3.767,2.457,1
1977.1,-0.098124398,0.0552454742,1.7666980386,-0.5423824287,5.6258209332,6.1820849067,1.6553668443,1.4346082214,0.9328724915,2.8301203303,3.6001848431,1.6032689233,0.8707492849,4.2292687345,6.7882169537,1.3350010667,0.9130856009,0,1977.1,0.9065361255,1.0568,5.8515,0.5813615487,277.5,484,5.235,4.198,2.5418,16.9475,36.605,4.96925,2.3887,68.667,887.33,3.8,2.492,1
1977.2,-0.1093027349,0.0581745641,1.7966640886,-0.5424405631,5.5898669505,6.1820849067,1.6705330118,1.4812635737,0.9006896656,2.8084986724,3.5844906884,1.5931560799,0.849295863,4.2427645673,6.7853277242,1.3992105864,0.9052297845,0,1977.2,0.896458987,1.0599,6.0295,0.5813277526,267.7,484,5.315,4.3985,2.4613,16.585,36.035,4.91925,2.338,69.6,884.77,4.052,2.4725,1
1977.3,-0.1021955123,0.0708311808,1.8175084343,-0.5576137853,5.581426499,6.1820849067,1.7052025344,1.5754053177,0.8028980445,2.8038148231,3.5763404569,1.5898982506,0.8361213495,4.4388203987,6.7824754626,1.4243124283,0.8987375726,0,1977.3,0.9028530155,1.0734,6.1565,0.5725737189,265.45,484,5.5025,4.8327,2.232,16.5075,35.7425,4.90325,2.3074,84.675,882.25,4.155,2.4565,1
1977.4,-0.1322555791,0.0902062679,1.7539710632,-0.6450068052,5.4806389233,6.1820849067,1.6369557985,1.5410519996,0.6931471806,2.7170099425,3.4946877247,1.548625773,0.7443154671,4.3933621443,6.7702732357,1.3907842664,0.824175443,0,1977.4,0.8761170492,1.0944,5.7775,0.5246589717,240,484,5.1395,4.6695,2,15.135,32.94,4.705,2.105,80.912,871.55,4.018,2.28,1
1978.1,-0.13374387,0.1241626426,1.7163172741,-0.6185852592,5.4044775624,6.1820849067,1.6692151165,1.523618552,0.6251359699,2.6786213904,3.4493524235,1.5218081625,0.7045815582,4.3823140934,6.7481732092,1.4269563428,0.7717272807,0,1978.1,0.874814102,1.1322,5.564,0.5387060281,222.4,484,5.308,4.5888,1.8685,14.565,31.48,4.5805,2.023,80.023,852.5,4.166,2.1635,1
1978.2,-0.137585663,0.1173384924,1.7301499876,-0.6206840088,5.3215454927,6.1820849067,1.6869543549,1.5207159824,0.6196620913,2.706382144,3.4876808416,1.5044106746,0.7301057215,4.3670652695,6.7505750146,1.4452705662,0.8031220338,0,1978.2,0.871459695,1.1245,5.6415,0.5375766047,204.7,484,5.403,4.5755,1.8583,14.975,32.71,4.5015,2.0753,78.812,854.55,4.243,2.2325,1
1978.3,-0.1454846667,0.1681381123,1.6794302843,-0.6790989648,5.2425403511,6.1820849067,1.6364692515,1.4825132189,0.4337285734,2.6419103986,3.4193646856,1.4657984622,0.6619660631,4.2804229422,6.7135635496,1.3930216819,0.7450278024,0,1978.3,0.8646031472,1.1831,5.3625,0.5070736778,189.15,484,5.137,4.404,1.543,14.04,30.55,4.331,1.9386,72.271,823.5,4.027,2.1065,1
1978.4,-0.1401966305,0.1705863006,1.6272778306,-0.7102500885,5.2709461698,6.1820849067,1.6139278177,1.4575679631,0.4824261492,2.5928263878,3.3603753871,1.4303112465,0.603222473,4.2500654372,6.7211244506,1.3676210959,0.6775257997,0,1978.4,0.8691873099,1.186,5.09,0.4915212583,194.6,484,5.0225,4.2955,1.62,13.3675,28.8,4.18,1.828,70.11,829.75,3.926,1.969,1
1979.1,-0.1117202496,0.1489371128,1.6470226728,-0.726968729,5.3437686295,6.1820849067,1.6308079382,1.4751061996,0.5253200699,2.6172133344,3.3857452771,1.4579171048,0.6246541841,4.2224152389,6.7332828371,1.3810305314,0.7001227943,0,1979.1,0.8942944017,1.1606,5.1915,0.4833720031,209.3,484,5.108,4.3715,1.691,13.6975,29.54,4.297,1.8676,68.198,839.9,3.979,2.014,1
1979.2,-0.1143103462,0.1551216369,1.6695918353,-0.7739895684,5.3798973535,6.1820849067,1.628848306,1.4538829137,0.5075402328,2.6087821994,3.3882809897,1.455120552,0.6142121925,4.1897759468,6.7247334771,1.3602070264,0.7080357931,0,1979.2,0.89198109,1.1678,5.31,0.4611695259,217,484,5.098,4.2797,1.6612,13.5825,29.615,4.285,1.8482,66.008,832.75,3.897,2.03,1
1979.3,-0.1220406259,0.1489371128,1.6277688691,-0.7873658558,5.4085161588,6.1820849067,1.5863739728,1.4180352469,0.4427608929,2.5292424636,3.3387899215,1.4111089175,0.5553208637,4.1900334582,6.6871086079,1.312647821,0.6582969031,0,1979.3,0.8851124093,1.1606,5.0925,0.4550418639,223.3,484,4.886,4.129,1.557,12.544,28.185,4.1005,1.7425,66.025,802,3.716,1.9315,1
1979.4,-0.1002977213,0.1553784972,1.6798963761,-0.7993073764,5.4793881414,6.1820849067,1.5945272997,1.4222646049,0.457424847,2.5201933528,3.3339173282,1.3912819026,0.5489880849,4.1919097733,6.6895992692,1.3113013821,0.6447444413,0,1979.4,0.9045680687,1.1681,5.365,0.4496402878,239.7,484,4.926,4.1465,1.58,12.431,28.048,4.02,1.7315,66.149,804,3.711,1.9055,1
1980.1,-0.0798272999,0.1751290862,1.7960834407,-0.7732514248,5.5202601973,6.3734904235,1.6428726885,1.4944534571,0.6054082663,2.6324642141,3.4394560938,1.4992881689,0.6636668752,4.2808241292,6.800448426,1.357380351,0.7547125362,0,1980.1,0.9232757825,1.1914,6.026,0.4615100609,249.7,586.1,5.17,4.4569,1.832,13.908,31.17,4.4785,1.9419,72.3,898.25,3.886,2.127,1
1980.2,-0.1463488963,0.1406311297,1.6965326193,-0.8595087178,5.382658515,6.4019171967,1.5772245901,1.4231806208,0.4814997944,2.5251684874,3.3364810669,1.4078112046,0.5642905584,4.2494091101,6.731853074,1.2892326483,0.6562238265,0,1980.2,0.8638562543,1.151,5.455,0.4233700254,217.6,603,4.8415,4.1503,1.6185,12.493,28.12,4.087,1.7582,70.064,838.7,3.63,1.9275,1
1980.3,-0.1561486825,0.1574310079,1.7205319599,-0.8705818158,5.3575292262,6.4377516497,1.5828885772,1.4262840093,0.5016839658,2.5513963911,3.3679852475,1.4349654706,0.5940448195,4.302712828,6.7592552707,1.2996465544,0.6757466659,0,1980.3,0.8554319932,1.1705,5.5875,0.4187078675,212.2,625,4.869,4.1632,1.6515,12.825,29.02,4.1995,1.8113,73.9,862,3.668,1.9655,1
1980.4,-0.1661074829,0.1778951078,1.7942563494,-0.8691991243,5.313205979,6.4920883084,1.6448050563,1.4754035362,0.5673004707,2.6253205535,3.4507174381,1.5076266463,0.672434139,4.3726074128,6.8357220761,1.3454723666,0.7558872104,0,1980.4,0.8469551961,1.1947,6.015,0.4192872117,203,659.9,5.18,4.3728,1.7635,13.809,31.523,4.516,1.959,79.25,930.5,3.84,2.1295,1
1981.1,-0.1556352915,0.1712606094,1.8903219304,-0.8083491102,5.3518581335,6.5114481087,1.6812933495,1.5244245381,0.6496131785,2.6996147223,3.5394364259,1.6010024336,0.7427941204,4.4461979009,6.9545911538,1.4026597152,0.8450095299,0,1981.1,0.855871277,1.1868,6.6215,0.4455930844,211,672.8,5.3725,4.5925,1.9148,14.874,34.4475,4.958,2.1018,85.302,1047.95,4.066,2.328,1
1981.2,-0.1380212979,0.1827381367,2.0145696316,-0.6641302315,5.4196496517,6.529564813,1.7930086886,1.6262950295,0.7085282826,2.8249439526,3.6702061888,1.7435316469,0.8716698641,4.5554335741,7.0829682965,1.4920048155,0.97907772,0,1981.2,0.8710801394,1.2005,7.4975,0.5147210212,225.8,685.1,6.0075,5.085,2.031,16.86,39.26,5.7175,2.3909,95.148,1191.5,4.446,2.662,1
1981.3,-0.1322555791,0.1879722283,1.9882167553,-0.5880644041,5.4497500703,6.530148499,1.7843991148,1.7224093911,0.6787946743,2.7909810418,3.6362036255,1.7168563092,0.8426441917,4.5692839074,7.0711488259,1.5000693754,0.9485642924,0,1981.3,0.8761170492,1.2068,7.3025,0.5554012774,232.7,685.5,5.956,5.598,1.9715,16.297,37.9475,5.567,2.3225,96.475,1177.5,4.482,2.582,1
1981.4,-0.1203574967,0.17050198,1.9912931549,-0.646055573,5.3931728976,6.5517943658,1.7591501857,1.717574571,0.5869529842,2.7653752677,3.6496187402,1.7488519682,0.8130612772,4.579339426,7.0900768358,1.4717837471,0.9036106787,0,1981.4,0.8866034223,1.1859,7.325,0.5241090147,219.9,700.5,5.8075,5.571,1.7985,15.885,38.46,5.748,2.2548,97.45,1200,4.357,2.4685,1
1982.1,-0.0490758376,0.2072580421,2.1083933636,-0.5775679647,5.5073619935,6.5768873091,1.8115620965,1.7835592727,0.6596938043,2.8318005819,3.8190301386,1.8313006438,0.8813679693,4.6709579265,7.1869010204,1.5308275119,0.9848835233,0,1982.1,0.9521089213,1.2303,8.235,0.5612617163,246.5,718.3,6.12,5.951,1.9342,16.976,45.56,6.242,2.4142,106.8,1322,4.622,2.6775,1
1982.2,-0.0220549908,0.2569650998,2.1402426185,-0.5529076241,5.537334267,6.6077306833,1.8324214509,1.806976435,0.743602624,2.8516309296,3.8474311495,1.92117825,0.9000800458,4.7095302013,7.2321910818,1.5530791788,1.0006318803,0,1982.2,0.9781864423,1.293,8.5015,0.5752746937,254,740.8,6.249,6.092,2.1035,17.316,46.8725,6.829,2.4598,111,1383.25,4.726,2.72,1
1982.3,0.0520304081,0.212123048,2.1812645578,-0.5263248872,5.5965683903,6.6105614462,1.9400357859,1.8390405588,0.7736666976,2.8785802887,3.8934516198,1.9654326251,0.9272702359,4.7368911908,7.260171166,1.5789787049,1.0166789059,0,1982.3,1.0534077741,1.2363,8.8575,0.5907721392,269.5,742.9,6.959,6.2905,2.1677,17.789,49.08,7.138,2.5276,114.079,1422.5,4.85,2.764,1
1982.4,0.0195906498,0.2065262455,2.1263251276,-0.4790253112,5.4595855141,6.6184719252,1.9535948318,1.9871206395,0.6903933924,2.8146299732,3.8484440238,1.9058319255,0.8656288171,4.8331102158,7.2225660188,1.6660072639,0.9648904017,0,1982.4,1.0197838058,1.2294,8.384,0.6193868071,235,748.8,7.054,7.2945,1.9945,16.687,46.92,6.725,2.3765,125.601,1370,5.291,2.6245,1
1983.1,0.1474564695,0.2101798849,2.1525758257,-0.3913661837,5.4781357931,6.6377821403,1.974081026,2.0161023011,0.7331848676,2.8362674989,3.8767584563,1.9836875134,0.8864498899,4.9168373037,7.2758646005,1.6994614151,1.0055828394,0,1983.1,1.1588828369,1.2339,8.607,0.676132522,239.4,763.4,7.2,7.509,2.0817,17.052,48.2675,7.2695,2.4265,136.57,1445,5.471,2.7335,1
1983.2,0.1341029845,0.2048166346,2.21227738,-0.4255291391,5.4793881414,6.6550541754,1.987189182,2.0337247748,0.7440779092,2.8861963865,3.93055031,2.0330703245,0.9329118329,4.979144627,7.3187053173,1.7121749899,1.0467925399,0,1983.2,1.1435105775,1.2273,9.1365,0.6534239415,239.7,776.7,7.295,7.6425,2.1045,17.925,50.935,7.6375,2.5419,145.35,1508.25,5.541,2.8485,1
1983.3,0.1092569859,0.208882342,2.2538149286,-0.4025943247,5.4642554441,6.6711464767,1.9960599327,2.0569402763,0.7559811247,2.9205776,3.9796816539,2.0805659093,0.9704379499,5.0233540665,7.3769773529,1.7330704729,1.0818051704,0,1983.3,1.1154489682,1.2323,9.524,0.668583272,236.1,789.3,7.36,7.822,2.1297,18.552,53.5,8.009,2.6391,151.92,1598.75,5.658,2.95,1
1983.4,0.1031407589,0.218653486,2.2900063108,-0.3719772639,5.4475990693,6.6789708478,2.0440967076,2.0795665339,0.7790954927,2.962227195,4.0189023671,2.1219620928,1.0020279642,5.0543331494,7.4142716312,1.7595805709,1.1198844239,0,1983.4,1.1086474501,1.2444,9.875,0.6893699159,232.2,795.5,7.72218,8.001,2.1795,19.341,55.64,8.3475,2.7238,156.7,1659.5,5.81,3.0645,1
1984.1,0.0672087497,0.2441219577,2.2554934855,-0.3664470411,5.4147661792,6.6743088347,2.0163686127,2.043296095,0.7669551077,2.904219873,3.9718002095,2.0769384115,0.9516578757,5.0022468762,7.3894095254,1.7186509974,1.0719260234,0,1984.1,1.0695187166,1.2765,9.54,0.6931928462,224.7,791.8,7.511,7.716,2.1532,18.251,53.08,7.98,2.59,148.747,1618.75,5.577,2.921,1
1984.2,0.1493124032,0.2771770878,2.3236124602,-0.3021025951,5.4701676235,6.6888527219,2.0783784768,2.1021810286,0.8459541008,2.9717469108,4.0374214148,2.1452878011,1.023960579,5.0619302551,7.4477687624,1.7751218281,1.1485129471,0,1984.2,1.1610356438,1.3194,10.2125,0.7392622163,237.5,803.4,7.9915,8.184,2.3302,19.526,56.68,8.5445,2.7842,157.895,1716.03,5.901,3.1535,1
1984.3,0.1827216368,0.2761154361,2.392882731,-0.2215422699,5.5032969472,6.7034334819,2.1704241894,2.1498417557,0.9154904117,3.0563568954,4.1169211164,2.2282924884,1.1070102601,5.1325165871,7.5407542867,1.8400733295,1.2267122913,0,1984.3,1.2004801921,1.318,10.945,0.8012820513,245.5,815.2,8.762,8.5835,2.498,21.25,61.37,9.284,3.0253,169.443,1883.25,6.297,3.41,1
1984.4,0.1889836997,0.2786917806,2.4212566227,-0.1453982027,5.5258512662,6.718288254,2.2068448207,2.1960572296,0.949725508,3.0933126019,4.1444037621,2.2609294177,1.1467673306,5.1556010643,7.5683172824,1.8764069433,1.2668067485,0,1984.4,1.2080212612,1.3214,11.26,0.8646779075,251.1,827.4,9.087,8.9895,2.585,22.05,63.08,9.592,3.148,173.4,1935.88,6.53,3.5495,1
1985.1,0.3494156423,0.3126185577,2.3992579803,-0.2175278125,5.5314112487,6.7455892284,2.1846457951,2.1852082248,0.9622196638,3.0762056577,4.1282627804,2.2435779124,1.1291414937,5.1480757032,7.5904732641,1.8606634479,1.2476068413,0,1985.1,1.4182385477,1.367,11.015,0.8045052293,252.5,850.3,8.8875,8.8925,2.6175,21.676,62.07,9.427,3.093,172.1,1979.25,6.428,3.482,1
1985.2,0.4072166411,0.3065283602,2.3935677407,-0.2585879122,5.5172520731,6.7728515165,2.1746380787,2.1751493697,0.9405930244,3.0665168723,4.1198092344,2.2318406885,1.118643648,5.1630530447,7.5755590102,1.8479822603,1.2373592233,0,1985.2,1.5026296018,1.3587,10.9525,0.7721411474,248.95,873.8,8.799,8.8035,2.5615,21.467,61.5475,9.317,3.0607,174.697,1949.95,6.347,3.4465,1
1985.3,0.3457350039,0.3155404006,2.274442787,-0.3371862674,5.3798973535,6.7931297531,2.0765624009,2.0874717134,0.7797834872,2.9322065727,3.9927731551,2.0983246287,0.9820410185,5.095589,7.4981108636,1.7491998548,1.1040972189,0,1985.3,1.4130281193,1.371,9.7225,0.7137758744,217,891.7,7.977,8.0645,2.181,18.769,54.205,8.1525,2.6699,163.3,1804.63,5.75,3.0165,1
1985.4,0.3843398265,0.334684926,2.1937741871,-0.3677632409,5.3008142467,6.7914461566,2.0258429606,2.0301856441,0.7306837841,2.8495497634,3.9191972092,2.0230034566,0.9006896656,5.0379261543,7.4256558164,1.6895421567,1.0195690813,0,1985.4,1.4686444412,1.3975,8.969,0.6922810661,200.5,890.2,7.5825,7.6155,2.0765,17.28,50.36,7.561,2.4613,154.15,1678.5,5.417,2.772,1
1986.1,0.3398178269,0.3345418031,2.1597534439,-0.3956167721,5.1907321559,6.7858136082,1.9892432738,1.9909517997,0.6625333219,2.7894458393,3.8603085697,1.9646618041,0.8404890185,4.9938281758,7.3656546969,1.649043167,0.9604989865,0,1986.1,1.4046916702,1.3973,8.669,0.6732646603,179.6,885.2,7.31,7.3225,1.9397,16.272,47.48,7.1325,2.3175,147.5,1580.75,5.202,2.613,1
1986.2,0.3897886287,0.3269268238,2.0994279756,-0.4254637946,5.1059454739,6.7873939223,2.0176991078,1.9624160315,0.5854506051,2.7380619752,3.8052726355,1.9475516582,0.7878207942,4.944381525,7.3204938711,1.6321773994,0.906240396,0,1986.2,1.4766686356,1.3867,8.1615,0.6534666405,165,886.6,7.521,7.1165,1.7958,15.457,44.9375,7.0115,2.1986,140.384,1510.95,5.115,2.475,1
1986.3,0.4661709832,0.3282240278,2.0333976032,-0.3715635564,5.0343518207,6.7765069924,1.9955163067,1.9319560997,0.4935980781,2.6558442096,3.7362400255,1.8903974391,0.703443986,4.8919418441,7.241008053,1.5884185452,0.826147182,0,1986.3,1.5938795027,1.3885,7.64,0.6896551724,153.6,877,7.356,6.903,1.6382,14.237,41.94,6.622,2.0207,133.212,1395.5,4.896,2.2845,1
1986.4,0.4082690354,0.3224457524,1.9936793841,-0.3883189493,5.0695329353,6.7585589726,2.0014800002,1.9197128335,0.4845843126,2.6181254936,3.6990772791,1.8648550243,0.6631002592,4.8857898784,7.2138640326,1.567365136,0.7848143691,0,1986.4,1.504211793,1.3805,7.3425,0.6781959986,159.1,861.4,7.4,6.819,1.6235,13.71,40.41,6.455,1.9408,132.395,1358.13,4.794,2.192,1
1987.1,0.3491320348,0.2662796662,1.9194928357,-0.4731237566,4.9822358196,6.7415826239,1.920152684,1.8448261902,0.4094571294,2.5401836653,3.621403289,1.7939237921,0.5906159919,4.8445019975,7.1600148161,1.4897530695,0.7119689348,0,1987.1,1.4178363817,1.3051,6.8175,0.6230529595,145.8,846.9,6.822,6.327,1.506,12.682,37.39,6.013,1.8051,127.04,1286.93,4.436,2.038,1
1987.2,0.3280874871,0.2860807911,1.9386697145,-0.476234179,4.9904325868,6.6956753,1.90434383,1.8544212304,0.4187103349,2.5548213185,3.6372571582,1.8091900043,0.6042613206,4.8421377439,7.1902464017,1.4938025688,0.722220428,0,1987.2,1.3883104262,1.3312,6.9495,0.6211180124,147,808.9,6.715,6.388,1.52,12.869,37.9875,6.1055,1.8299,126.74,1326.43,4.454,2.059,1
1987.3,0.3293377477,0.2693398782,1.9547990965,-0.4883959488,4.9860010131,6.6918355728,1.9034499086,1.8622955937,0.4246139269,2.5600141223,3.6413946875,1.8112352457,0.6088412315,4.8035373212,7.1900579081,1.4843281014,0.7260982807,0,1987.3,1.3900472616,1.3091,7.0625,0.6136098668,146.35,805.8,6.709,6.4385,1.529,12.936,38.145,6.118,1.8383,121.941,1326.18,4.412,2.067,1
1987.4,0.325037859,0.2622104065,1.807714836,-0.6267402484,4.8162411561,6.674940108,1.8297775364,1.7660997224,0.245296356,2.4203681287,3.5011181286,1.675225653,0.4583737638,4.6913478822,7.0641177966,1.3727024076,0.5752078827,0,1987.4,1.384083045,1.2998,6.0965,0.5343307507,123.5,792.3,6.2325,5.848,1.278,11.25,33.1525,5.34,1.5815,109,1169.25,3.946,1.7775,1
1988.1,0.3027280307,0.2103419595,1.8574691793,-0.6311653882,4.8315086282,6.6149936608,1.8389610707,1.771216568,0.3137152495,2.4562499405,3.5473878918,1.7272209481,0.5063958267,4.7134235134,7.1155008881,1.384793235,0.6221880916,0,1988.1,1.3535462913,1.2341,6.4075,0.5319714863,125.4,746.2,6.29,5.878,1.3685,11.661,34.7225,5.625,1.6593,111.433,1230.9,3.994,1.863,1
1988.2,0.2306718177,0.1928492787,1.9327525375,-0.53608393,4.8858276435,6.5907130512,1.8897932095,1.833141307,0.4117784702,2.5510844516,3.6418533581,1.815150422,0.5994407141,4.8000212529,7.2091775215,1.4646433275,0.7202758479,0,1988.2,1.2594458438,1.2127,6.9085,0.5850348096,132.4,728.3,6.618,6.2535,1.5095,12.821,38.1625,6.142,1.8211,121.513,1351.78,4.326,2.055,1
1988.3,0.2447503051,0.1964709799,1.9757463053,-0.5220622557,4.9019358772,6.5778613577,1.9349936373,1.8615964288,0.4634195014,2.5817308344,3.6736389047,1.8555946181,0.6311653882,4.8221588347,7.2444417784,1.4881738249,0.7504722472,0,1988.3,1.2773023375,1.2171,7.212,0.5932957579,134.55,719,6.924,6.434,1.5895,13.22,39.395,6.3955,1.8798,124.233,1400.3,4.429,2.118,1
1988.4,0.1560691856,0.1762196446,1.9277461784,-0.593050564,4.8350907216,6.5281041058,1.8825138325,1.8175896459,0.4081282255,2.530915171,3.6201990338,1.80154477,0.5767818894,4.7313622112,7.1745481841,1.4276761989,0.6928971493,0,1988.4,1.1689070719,1.1927,6.874,0.5526388505,125.85,684.1,6.57,6.157,1.504,12.565,37.345,6.059,1.7803,113.45,1305.77,4.169,1.9995,1
1989.1,0.1991829139,0.1766387737,1.9966032634,-0.5240182176,4.8831806387,6.5101095199,1.9277461784,1.8601188067,0.5068176024,2.5890414145,3.6794602322,1.8554382459,0.6380043811,4.7693107998,7.2357127966,1.4466836611,0.7584666467,0,1989.1,1.2204051745,1.1932,7.364,0.5921364282,132.05,671.9,6.874,6.4245,1.66,13.317,39.625,6.3945,1.8927,117.838,1388.13,4.249,2.135,1
1989.2,0.2806402577,0.1809038857,2.0272267702,-0.4383839549,4.970507503,6.503089851,1.9659928492,1.8942408441,0.514618422,2.6212569821,3.7113745319,1.8925093723,0.6691106027,4.8229232346,7.2532934385,1.4825132189,0.7893660383,0,1989.2,1.3239772276,1.1983,7.593,0.6450780544,144.1,667.2,7.142,6.6475,1.673,13.753,40.91,6.636,1.9525,124.328,1412.75,4.404,2.202,1
1989.3,0.2530874277,0.1640727217,1.986503546,-0.4856308851,4.9366298808,6.5072777124,1.9305064039,1.8577032525,0.4811908186,2.5764978014,3.6704608686,1.8461687373,0.6250289265,4.7785687174,7.2190781916,1.4518479919,0.7466879475,0,1989.3,1.2879958784,1.1783,7.29,0.6153088851,139.3,670,6.893,6.409,1.618,13.151,39.27,6.3355,1.8683,118.934,1365.23,4.271,2.11,1
1989.4,0.2323104391,0.1465216527,1.8882053675,-0.4734352345,4.9659865424,6.5215043898,1.8893397976,1.8288946759,0.4359943131,2.4693699106,3.5768299503,1.7557868088,0.5293332953,4.6979316661,7.1471658028,1.4009366379,0.6499786852,0,1989.4,1.2615112905,1.1578,6.6075,0.6228589225,143.45,679.6,6.615,6.227,1.5465,11.815,35.76,5.788,1.6978,109.72,1270.5,4.059,1.9155,1
1990.1,0.2820976942,0.1571746744,1.8669442424,-0.4964021031,5.05751888,6.554075844,1.8808381523,1.8124603858,0.4031290483,2.4786370368,3.5570608795,1.7401152361,0.5273286959,4.6872108963,7.130242615,1.3867942362,0.646055573,0,1990.1,1.3259082471,1.1702,6.4685,0.6087168249,157.2,702.1,6.559,6.1255,1.4965,11.925,35.06,5.698,1.6944,108.55,1249.18,4.002,1.908,1
1990.2,0.2369889581,0.1536648475,1.8497925005,-0.5549190613,5.0297841129,6.573680167,1.8595738688,1.7985861146,0.3488947566,2.4644488079,3.5362380514,1.7245507195,0.5137214269,4.6304479932,7.1117567848,1.3663467233,0.6318035503,0,1990.2,1.2674271229,1.1661,6.3585,0.5741187278,152.9,716,6.421,6.0411,1.4175,11.757,34.3375,5.61,1.6715,102.56,1226.3,3.921,1.881,1
1990.3,0.1905553617,0.1453982027,1.7885877781,-0.6278083393,4.9258033586,6.5693411581,1.8025345424,1.7516316781,0.2615947377,2.3984405786,3.4732854581,1.6556533362,0.4473105787,4.5846817236,7.0653058868,1.3134548149,0.5678673641,0,1990.3,1.2099213551,1.1565,5.981,0.5337603416,137.8,712.9,6.065,5.764,1.299,11.006,32.2425,5.2365,1.5641,97.972,1170.64,3.719,1.7645,1
1990.4,0.2570882074,0.1486785924,1.7537114016,-0.6564831962,4.9008204281,6.5742386702,1.7762227301,1.7401152361,0.258896721,2.3680918952,3.433422529,1.6349107084,0.4014570867,4.5737723938,7.0301056463,1.29033397,0.5247285289,0,1990.4,1.2931591879,1.1603,5.776,0.5186721992,134.4,716.4,5.9075,5.698,1.2955,10.677,30.9825,5.129,1.494,96.909,1130.15,3.634,1.69,1
1991.1,0.2546342184,0.147298687,1.8660936063,-0.5512955563,4.9487598904,6.5857577761,1.8791596595,1.8067301802,0.3784364357,2.490060015,3.5636704768,1.7606127402,0.5405785819,4.6633070099,7.1444150729,1.3989637642,0.6595386894,0,1991.1,1.2899896801,1.1587,6.463,0.5762028234,141,724.7,6.548,6.0905,1.46,12.062,35.2925,5.816,1.717,105.986,1267.01,4.051,1.9339,1
1991.2,0.263835346,0.1327811112,1.948763218,-0.4833516468,4.9265287848,6.5835475252,1.9555775545,1.8788541761,0.4446858213,2.5460017491,3.6204667714,1.8155573727,0.5944312076,4.7318468888,7.2062660093,1.4548871526,0.7135868598,0,1991.2,1.3019138133,1.142,7.02,0.6167129201,137.9,723.1,7.068,6.546,1.56,12.756,37.355,6.1445,1.812,113.505,1347.85,4.284,2.0413,1
1991.3,0.2237687467,0.1236325604,1.8578592709,-0.5610433399,4.8892206722,6.6086751616,1.8725864846,1.802864249,0.3712186694,2.4596743082,3.5336865647,1.7345716432,0.5086833307,4.6567849287,7.1271317437,1.3984699371,0.6278617139,0,1991.3,1.2507817386,1.1316,6.41,0.5706134094,132.85,741.5,6.5051,6.067,1.4495,11.701,34.25,5.6665,1.6631,105.297,1245.3,4.049,1.8736,1
1991.4,0.2747000382,0.1446196896,1.7772378727,-0.6263126924,4.8299124587,6.6343705112,1.7872493138,1.7100973955,0.30417039,2.3692151753,3.4426591715,1.6448050563,0.4160752872,4.5714892996,7.0484385359,1.4190035355,0.5367272613,0,1991.4,1.3161358252,1.1556,5.9135,0.5345592559,125.2,760.8,5.973,5.5295,1.3555,10.689,31.27,5.18,1.516,96.688,1151.06,4.133,1.7104,1
1992.1,0.2634448481,0.17386927,1.8519918573,-0.5534252374,4.8918517581,6.6529920533,1.8634908099,1.7879187698,0.4044646078,2.4480697597,3.5201649007,1.7169461201,0.4963412296,4.6426489983,7.1220195257,1.5002924652,0.6145908677,0,1992.1,1.301405518,1.1899,6.3725,0.5749770009,133.2,775.1,6.4462,5.977,1.4985,11.566,33.79,5.5675,1.6427,103.819,1238.95,4.483,1.8489,1
1992.2,0.2892833538,0.1797348809,1.7684908423,-0.6408007002,4.8323057586,6.672286078,1.7872493138,1.7070545213,0.320270262,2.3747196908,3.4468078929,1.6355928699,0.4233050262,4.5684232106,7.0517863565,1.4238309646,0.5428474098,0,1992.2,1.3354700855,1.1969,5.862,0.5268703899,125.5,790.2,5.973,5.5127,1.3775,10.748,31.4,5.1325,1.527,96.392,1154.92,4.153,1.7209,1
1992.3,0.3368723166,0.2215422699,1.6986385579,-0.578129069,4.7808027546,6.66771986,1.7441436153,1.6661962463,0.2066075827,2.2935443483,3.3700506527,1.5612975371,0.3430931272,4.5953521464,7.1171892824,1.5085119938,0.4626012995,0,1992.3,1.4005602241,1.248,5.4665,0.5609468783,119.2,786.6,5.721,5.292,1.2295,9.91,29.08,4.765,1.4093,99.023,1232.98,4.52,1.5882,1
1992.4,0.3730947281,0.2398826673,1.8334610768,-0.4134332778,4.8263117346,6.6700055753,1.9350658473,1.9520342158,0.3756929498,2.4295701047,3.5019472848,1.7059292126,0.4787155698,4.7416484822,7.2936025427,1.6572752418,0.595589477,0,1992.4,1.4522218995,1.2711,6.2555,0.6613756614,124.75,788.4,6.9245,7.043,1.456,11.354,33.18,5.5065,1.614,114.623,1470.86,5.245,1.8141,1
1993.1,0.3484233677,0.2288870259,1.8239846165,-0.4077957234,4.7566028897,6.6770834612,1.9270913234,2.0471120296,0.4021262068,2.4301864376,3.50375397,1.7009043509,0.4789014262,4.747632826,7.3766520459,1.7700420098,0.5963609119,0,1993.1,1.4168319637,1.2572,6.1965,0.6651147323,116.35,794,6.8695,7.7455,1.495,11.361,33.24,5.4789,1.6143,115.311,1598.23,5.8711,1.8155,1
1993.2,0.3971993637,0.2486553405,1.8718021769,-0.4112483529,4.6704896521,6.6892260652,1.9665527596,2.0420900804,0.4117784702,2.475529488,3.5484673004,1.7395885969,0.5236628726,4.8596806127,7.3418078439,1.7341303564,0.6385325873,0,1993.2,1.4876524844,1.2823,6.5,0.6628222973,106.75,803.7,7.146,7.7067,1.5095,11.888,34.76,5.695,1.6882,128.983,1543.5,5.664,1.8937,1
1993.3,0.438039954,0.2895303633,1.878090059,-0.4125731196,4.6553879021,6.6955516677,1.9553653078,2.0845534536,0.3488947566,2.4326479773,3.553059731,1.7339537871,0.4823644189,4.8757086428,7.36653364,1.752047969,0.6004834957,0,1993.3,1.5496668216,1.3358,6.541,0.6619447938,105.15,808.8,7.0665,8.041,1.4175,11.389,34.92,5.663,1.6199,131.067,1582.14,5.7664,1.823,1
1993.4,0.3899363065,0.2806574575,1.912870295,-0.3928525701,4.7171586879,6.6946858132,2.0173001451,2.1166771127,0.3917041929,2.4967528721,3.5865698353,1.774189348,0.5459803898,4.9573329654,7.4407161016,1.7551819265,0.663151783,0,1993.4,1.4768867228,1.324,6.7725,0.6751282744,111.85,808.1,7.518,8.3035,1.4795,12.143,36.11,5.8955,1.7263,142.214,1703.97,5.7845,1.9409,1
1994.1,0.3555327394,0.3247610707,1.8869181224,-0.3935274705,4.6361842395,6.6927038976,1.987942839,2.0577070495,0.3435897044,2.4644488079,3.537329556,1.7422190237,0.5140205147,4.9227726458,7.3847841732,1.6988763417,0.6307397204,0,1994.1,1.4269406393,1.3837,6.599,0.6746727837,103.15,806.5,7.3005,7.828,1.41,11.757,34.375,5.71,1.672,137.383,1611.28,5.4678,1.879,1
1994.2,0.3159443822,0.3237487785,1.8357763546,-0.4319122781,4.5956247731,6.6914632026,1.9406822215,2.0399207835,0.2960221967,2.4183215915,3.4934726578,1.6995528019,0.4671244885,4.877180089,7.368964097,1.669667162,0.5819362512,0,1994.2,1.3715539706,1.3823,6.27,0.649266329,99.05,805.5,6.9635,7.69,1.3445,11.227,32.9,5.4715,1.5954,131.26,1585.99,5.3104,1.7895,1
1994.3,0.3020514864,0.2932664507,1.8037703819,-0.4572349556,4.5895488051,6.6832357815,1.9131655633,2.0133418025,0.2515366258,2.3883039684,3.4604092413,1.6642101483,0.4371575548,4.8542855314,7.3502271127,1.5827037172,0.5500847977,0,1994.3,1.352630867,1.3408,6.0725,0.6330315883,98.45,798.9,6.7745,7.4883,1.286,10.895,31.83,5.2815,1.5483,128.289,1556.55,4.8681,1.7334,1
1994.4,0.252572362,0.3384702393,1.8054979953,-0.4462871026,4.6025668001,6.6703860204,1.9113187043,2.0097564664,0.2711715203,2.3950731124,3.4606448403,1.6763486177,0.4374804375,4.8808226925,7.3961757719,1.5567120134,0.5510650486,0,1994.4,1.2873326468,1.4028,6.083,0.64,99.74,788.7,6.762,7.4615,1.3115,10.969,31.8375,5.346,1.5488,131.739,1629.74,4.7432,1.7351,1
1995.1,0.3174542308,0.3357576957,1.701105101,-0.4780957991,4.4925612416,6.6483366718,1.839358448,1.9977568617,0.1302384769,2.2756249114,3.3456846717,1.5787724981,0.3247610707,4.8431787042,7.4445410044,1.4669753266,0.4365761031,0,1995.1,1.3736263736,1.399,5.48,0.6199628022,89.35,771.5,6.2925,7.3725,1.1391,9.734,28.38,4.849,1.3837,126.872,1710.5,4.3361,1.5474,1
1995.2,0.3444640866,0.3172894172,1.6874169538,-0.4662465804,4.4379342666,6.6308153031,1.8199419202,1.9835499429,0.1406311297,2.2758303557,3.3489387092,1.5795970704,0.3247610707,4.7988437311,7.4022807745,1.4515904078,0.4395444218,0,1995.2,1.411233418,1.3734,5.4055,0.6273525721,84.6,758.1,6.1715,7.2685,1.151,9.736,28.4725,4.853,1.3837,121.37,1639.72,4.2699,1.552,1
1995.3,0.2810375297,0.2955014215,1.7062015809,-0.457424847,4.5880240272,6.6443104309,1.8313006438,1.9322457869,0.1343560525,2.3001822084,3.3715110713,1.592190019,0.3498114439,4.8156336841,7.3850261875,1.445199859,0.4661838431,0,1995.3,1.3245033113,1.3438,5.508,0.6329113924,98.3,768.4,6.242,6.905,1.1438,9.976,29.1225,4.9145,1.4188,123.425,1611.67,4.2427,1.5939,1
1995.4,0.2943710606,0.3113009381,1.7130769472,-0.4382549309,4.6330771392,6.6524758576,1.8435609678,1.8958491778,0.1401966305,2.3113465987,3.3815047483,1.5892352051,0.3601190063,4.799165011,7.3681630146,1.4721509049,0.4727498549,0,1995.4,1.3422818792,1.3652,5.546,0.6451612903,102.83,774.7,6.319,6.6582,1.1505,10.088,29.415,4.9,1.4335,121.409,1584.72,4.3586,1.6044,1
1996.1,0.2493591981,0.3098348771,1.7397641741,-0.4222566707,4.6660771209,6.6627494808,1.8577032525,1.9014505942,0.1741213602,2.3400735374,3.4119724548,1.6157181504,0.3891324535,4.8212891224,7.358110894,1.5331398515,0.5016839658,0,1996.1,1.2832028744,1.3632,5.696,0.6555657532,106.28,782.7,6.409,6.6956,1.1902,10.382,30.325,5.0315,1.4757,124.125,1568.87,4.6327,1.6515,1
1996.2,0.2369889581,0.311227686,1.7698546338,-0.4372867204,4.6951936886,6.6977747142,1.871879097,1.8948874947,0.2243428319,2.3706175034,3.444576105,1.6394820338,0.4199595543,4.8535915445,7.3359272896,1.5355329966,0.5354401845,0,1996.2,1.2674271229,1.3651,5.87,0.6457862448,109.42,810.6,6.5005,6.6518,1.2515,10.704,31.33,5.1525,1.5219,128.2,1534.45,4.6438,1.7082,1
1996.3,0.2326889642,0.3091010398,1.768661418,-0.4460950842,4.7092598945,6.7107666851,1.8729553579,1.8913030996,0.2286483719,2.3746266459,3.4478423895,1.6431627818,0.4231740419,4.8562868169,7.3306214401,1.5198195037,0.5387714754,0,1996.3,1.2619888945,1.3622,5.863,0.6401229036,110.97,821.2,6.5075,6.628,1.2569,10.747,31.4325,5.1715,1.5268,128.546,1526.33,4.5714,1.7139,1
1996.4,0.2275281496,0.3145187264,1.7824664223,-0.5294510879,4.7535901911,6.7383894333,1.8629166635,1.927309656,0.2974343639,2.3937046864,3.4658921406,1.6557488153,0.44134692,4.8772943595,7.333395494,1.5355545304,0.5559519414,0,1996.4,1.2554927809,1.3696,5.9445,0.5889281508,116,844.2,6.4425,6.871,1.3464,10.954,32.005,5.237,1.5548,131.275,1530.57,4.6439,1.7436,1
1997.1,0.2401625565,0.3251945967,1.8633822129,-0.4881504747,4.8206847101,6.7991673386,1.896644872,2.0268315914,0.3723908004,2.469708406,3.5473878918,1.7305044404,0.5174834114,4.9676929978,7.4248213903,1.6083773502,0.6366826436,0,1997.1,1.2714558169,1.3843,6.4455,0.6137605106,124.05,897.1,6.6635,7.59,1.4512,11.819,34.7225,5.6435,1.6778,143.695,1677.1,4.9947,1.8902,1
1997.2,0.2937001448,0.3228802831,1.8929613497,-0.5088035808,4.7397010789,6.7890843493,1.9868464228,2.0428423892,0.37761418,2.5082161926,3.583102185,1.7711655289,0.5562386633,4.992797136,7.4395886859,1.6464639113,0.6743210763,0,1997.2,1.3413816231,1.3811,6.639,0.6012144532,114.4,888.1,7.2925,7.7125,1.4588,12.283,35.985,5.8777,1.7441,147.348,1702.05,5.1886,1.9627,1
1997.3,0.3287818833,0.3235317253,1.9079857382,-0.478219784,4.7957905456,6.8187054621,1.9607987615,2.0266998304,0.3729419164,2.5205954922,3.5985443779,1.780546842,0.5684339364,5.0053279014,7.4537935945,1.6678200217,0.6880341312,0,1997.3,1.3892747986,1.382,6.7395,0.619885941,121,914.8,7.105,7.589,1.452,12.436,36.545,5.9331,1.7655,149.206,1726.4,5.3006,1.9898,1
1997.4,0.4266376733,0.3570448755,1.9207388505,-0.5030756703,4.8671497611,7.4354380198,1.9900227237,2.0639471207,0.3752120649,2.5363124378,3.6087534096,1.7897741665,0.5833881166,5.0219180702,7.4726087548,1.6902249584,0.7017104112,0,1997.4,1.5320974414,1.4291,6.826,0.6046680372,129.95,1695,7.3157,7.877,1.4553,12.633,36.92,5.9881,1.7921,151.702,1759.19,5.4207,2.0172,1
1998.1,0.4103771525,0.3482596343,1.9518212157,-0.5188533155,4.8831806387,7.2320103317,2.0305794999,2.0649622204,0.4194337573,2.5650262776,3.6404111132,1.8220461618,0.6134544117,5.0542118912,7.5062840404,1.7238196146,0.7326563137,0,1998.1,1.5073861923,1.4166,7.0415,0.5952026665,132.05,1383,7.6185,7.885,1.5211,13.001,38.1075,6.1845,1.8468,156.681,1819.44,5.6059,2.0806,1
1998.2,0.4885750148,0.3863502442,1.9302017006,-0.5084427871,4.9476954943,7.2247534058,2.0371210291,2.0742782347,0.4208790342,2.5441185094,3.6191943788,1.8111371697,0.5926083552,5.0318225832,7.4833850136,1.7034745544,0.710397534,0,1998.2,1.62999185,1.4716,6.8909,0.6014314067,140.85,1373,7.6685,7.9588,1.5233,12.732,37.3075,6.1174,1.8087,153.212,1778.25,5.493,2.0348,1
1998.3,0.5200345629,0.4225843999,1.8517564431,-0.5279776826,4.9071249177,7.2377781919,1.9996540098,2.0617866064,0.3273594121,2.4683537364,3.5426969439,1.7256908893,0.5163503344,4.9579796686,7.41194896,1.628926765,0.6359417068,0,1998.3,1.6820857864,1.5259,6.371,0.5897965202,135.25,1391,7.3865,7.86,1.3873,11.803,34.56,5.6164,1.6759,142.306,1655.65,5.0984,1.8888,1
1998.4,0.4879232305,0.4255944794,1.8541863875,-0.5089238165,4.7501359562,7.0934046259,2.0281482473,2.0870376183,0.3195440456,2.4635978888,3.5431164161,1.7267052596,0.514618422,4.9600925951,7.4104075921,1.6284559183,0.6359417068,0,1998.4,1.6289297931,1.5305,6.3865,0.6011421701,115.6,1204,7.6,8.061,1.3765,11.747,34.5745,5.6221,1.673,142.607,1653.1,5.096,1.8888,1
1999.1,0.4631471884,0.4115797091,1.935758798,-0.4771654223,4.7908195329,7.1123274447,2.0519547164,2.1162555148,0.3968951574,2.5502110711,3.6258450519,1.8094290503,0.5993186541,5.0428143885,7.497022514,1.7111773132,0.718646302,0,1999.1,1.5890672175,1.5092,6.9293,0.6205398697,120.4,1227,7.7831,8.3,1.4872,12.8098072775,37.5564469,6.10695967,1.82087773,154.905366,1802.667,5.53547463,2.05165401,1
1999.2,0.4161216883,0.3866220203,1.9746503084,-0.4541917782,4.7966166506,7.0541041753,2.0601440368,2.1347579824,0.4398665348,2.5895144116,3.6651483924,1.8487323909,0.6386219946,5.0821177291,7.5363258545,1.7504806537,0.7579496425,0,1999.2,1.5160703457,1.472,7.2041,0.6349609499,121.1,1157.6,7.8471,8.455,1.5525,13.3233003926,39.061932228,6.3517628647,1.8938693182,161.1148925924,1874.9285940479,5.7573693119,2.1338964814,1
1999.3,0.4252597354,0.3852624008,1.9407109423,-0.4986518228,4.6714259818,7.1036509558,2.049587821,2.1035242122,0.403797051,2.5574059012,3.6330398819,1.8166238804,0.6065134841,5.0500092186,7.504217344,1.7183721432,0.725841132,0,1999.3,1.5299877601,1.47,6.9637,0.607348922,106.85,1216.4,7.7647,8.195,1.4975,12.9023040141,37.8276335542,6.1510566519,1.8340258785,156.0239027997,1815.6836528711,5.575445047,2.0664685421,1
1999.4,0.4249537847,0.3669321584,2.0013178249,-0.4802014542,4.6269316778,7.0370276147,2.0843668922,2.1430030232,0.469753598,2.6171981189,3.6928320996,1.8764160981,0.6663057018,5.1098014363,7.5640095617,1.7781643609,0.7856333497,0,1999.4,1.5295197308,1.4433,7.3988,0.6186587478,102.2,1138,8.0395,8.525,1.5996,13.6972915863,40.1584187014,6.530059781,1.9470311044,165.637462018,1927.5587053812,5.9189813268,2.1937959409,1
2000.1,0.501700716,0.373974441,2.052776673,-0.4669364302,4.6620229976,7.0085051821,2.1361762547,2.1598687908,0.5121048053,2.6675159733,3.7431499541,1.9267339525,0.7166235563,5.1601192907,7.6143274162,1.8284822154,0.8359512042,0,2000.1,1.6515276631,1.4535,7.7895,0.6269199423,105.85,1106,8.467,8.67,1.6688,14.404144437,42.230805973,6.8670454795,2.04750823,174.1852330479,2027.0309519349,6.2244321379,2.30700744,1
2000.2,0.5131616836,0.3915690029,2.052776673,-0.4135655441,4.6577626361,7.0166096839,2.1477191574,2.1761711681,0.486307496,2.6672006741,3.7428346549,1.9264186533,0.7163082571,5.1598039915,7.614012117,1.8281669162,0.835635905,0,2000.2,1.6705646509,1.4793,7.7895,0.6612881894,105.4,1115,8.5653,8.8125,1.6263,14.399603538,42.2174927335,6.864880647,2.0468627541,174.1303212443,2026.3919314875,6.2224698889,2.3062801572,1
2000.3,0.6100936254,0.4101209196,2.135975455,-0.3853304257,4.6807413728,7.0166096839,2.214442167,2.2703201324,0.5515260109,2.7536050592,3.82923904,2.0128230384,0.8027126422,5.2462083766,7.7004165021,1.9145713013,0.9220402901,0,2000.3,1.840603718,1.507,8.4653,0.680225835,107.85,1115,9.1563,9.6825,1.7359,15.69912627,46.0274998181,7.4844163466,2.2315862203,189.8450810424,2209.2679649811,6.7840298685,2.5144152966,1
2000.4,0.5905905922,0.4055984326,2.0820007641,-0.4002515411,4.7440621849,7.1424320661,2.1802479531,2.2549692391,0.492559815,2.6938198825,3.7694538633,1.9530378617,0.7429274655,5.1864231999,7.6406313254,1.8547861246,0.8622551134,0,2000.4,1.8050541516,1.5002,8.0205,0.6701514542,114.9,1264.5,8.8485,9.535,1.6365,14.788056807,43.3563798576,7.0500722268,2.1020802832,178.8277764444,2081.0572261246,6.3903313695,2.3684959025,1
2001.1,0.7153927895,0.455777922,2.1367548046,-0.3545226294,4.8251086064,7.1910527531,2.2107438893,2.3430070075,0.549103585,2.745994438,3.8216284188,2.0052124173,0.795102021,5.2385977555,7.6928058809,1.9069606801,0.9144296689,0,2001.1,2.0449897751,1.5774,8.4719,0.7015082427,124.6,1327.5,9.1225,10.4125,1.7317,15.580099675,45.6785315708,7.4276714949,2.2146669278,188.4057261901,2192.5178835567,6.7325951605,2.4953516694,1
2001.2,0.6782585681,0.417196031,2.1736033351,-0.3393965281,4.8206847101,7.168194615,2.2300251528,2.3837041443,0.5852278383,2.7866662778,3.8623002586,2.045884257,0.8357738607,5.2792695952,7.7334777206,1.9476325198,0.9551015087,0,2001.2,1.9704433498,1.5177,8.7899,0.7121999858,124.05,1297.5,9.3001,10.845,1.7954,16.226833775,47.5746596201,7.735996123,2.3065983437,196.2264982201,2283.5298866719,7.0120669844,2.5989343839,1
2001.3,0.7086669922,0.4567917353,2.0941084547,-0.385398446,4.7816413291,7.1774770261,2.1840042392,2.3664984187,0.4772895225,2.712697237,3.7883312177,1.9719152162,0.7618048199,5.2053005544,7.6595086798,1.873663479,0.8811324678,0,2001.3,2.0312817388,1.579,8.1182,0.6801795674,119.3,1309.6,8.8818,10.66,1.6117,15.069867751,44.1826075693,7.1844230435,2.1421389087,182.2356362566,2120.7152223756,6.5121097301,2.4136315193,1
2001.4,0.6721687742,0.4653679008,2.1293620192,-0.3718393805,4.8812856221,7.1804506091,2.1985126363,2.3672017361,0.5171853577,2.7481471205,3.8237811013,2.0073650997,0.7972547034,5.2407504379,7.6949585633,1.9091133625,0.9165823513,0,2001.4,1.9584802193,1.5926,8.4095,0.6894649752,131.8,1313.5,9.0116,10.6675,1.6773,15.613674807,45.7769688567,7.4436781351,2.2194395375,188.811740738,2197.2427620163,6.7471039105,2.500729155,1
2002.1,0.6318639521,0.4659328549,2.1399485095,-0.3529078574,4.8918517581,7.1898467531,2.1756263389,2.3357780603,0.5205184957,2.7582921032,3.833926084,2.0175100825,0.8073996862,5.2508954207,7.7051035461,1.9192583453,0.9267273341,0,2002.1,1.8811136193,1.5935,8.499,0.7026419337,133.2,1325.9,8.8077,10.3375,1.6829,15.772881478,46.2437391021,7.5195784745,2.2420703137,190.7369818526,2219.6472061874,6.8159015489,2.5262281338,1
2002.2,0.5712835928,0.4178547058,2.0079186868,-0.4298324646,4.7828978738,7.0911595827,2.0080932197,2.2151190672,0.3887935738,2.6242944898,3.6999284706,1.883512469,0.6734020728,5.1168978072,7.5711059327,1.7852607319,0.7927297207,0,2002.2,1.7705382436,1.5187,7.4478,0.6506180872,119.45,1201.3,7.4491,9.1625,1.4752,13.794838353,40.4444112917,6.5765643191,1.9608971003,166.8170673993,1941.2860264468,5.9611340025,2.2094192997,1
2002.3,0.6097255724,0.4610890119,2.0192800938,-0.4470548079,4.8003257008,7.112979229,2.0076366846,2.2281309071,0.3942019158,2.635887759,3.7115217398,1.8951057382,0.6849953419,5.1284910764,7.5826992018,1.796854001,0.8043229898,0,2002.3,1.8399264029,1.5858,7.5329,0.6395088572,121.55,1227.8,7.4457,9.2825,1.4832,13.95569626,40.916022715,6.6532518703,1.983762595,168.7622764425,1963.9228416897,6.030645186,2.2351827451,1
2002.4,0.5688079063,0.4571716504,1.9575845939,-0.4773515669,4.786658062,7.0785101994,1.9409981047,2.1775886028,0.3269989348,2.5742368021,3.6498707829,1.8334547814,0.6233443851,5.0668401196,7.521048245,1.7352030442,0.742672033,0,2002.4,1.7661603674,1.5796,7.0822,0.6204243703,119.9,1186.2,6.9657,8.825,1.3868,13.1212991886,38.4696947862,6.2554606191,1.8651554207,158.6721493286,1846.5018662664,5.6700789635,2.1015434123,1
2003.1,0.5048435521,0.3847860969,1.9193168026,-0.4572349556,4.7887409622,7.1345720757,1.9909517997,2.1400661635,0.3028415842,2.5360685132,3.611702494,1.7952864924,0.5851760962,5.0286718306,7.4828799561,1.6970347552,0.7045037441,0,2003.1,1.6567263088,1.4693,6.8163,0.6330315883,120.15,1254.6,7.3225,8.5,1.3537,12.6299188756,37.0290409002,6.0211995027,1.7953071045,152.7300265798,1777.3521081548,5.4577398395,2.0228425882,1
2003.2,0.4043657127,0.304022832,1.8721252016,-0.5008358921,4.7862409609,7.0843102409,1.9820767526,2.0910983365,0.3060866641,2.4883933754,3.5640273562,1.7476113546,0.5375009584,4.9809966928,7.4352048183,1.6493596175,0.6568286063,0,2003.2,1.498351813,1.3553,6.5021,0.6060238773,119.85,1193.1,7.2578,8.0938,1.3581,12.041913736,35.3050974151,5.7408733748,1.7117238436,145.6194472099,1694.6047694927,5.2036464358,1.9286660657,1
2003.3,0.3855154328,0.3004008449,1.8520389334,-0.5149769949,4.7113303818,7.0476041741,1.948763218,2.0401548263,0.2742168215,2.4688951629,3.5445291437,1.7281131421,0.5180027459,4.9614984803,7.4157066058,1.6298614049,0.6373303938,0,2003.3,1.4703720041,1.3504,6.3728,0.5975143403,111.2,1150.1,7.02,7.6918,1.3155,11.8093921866,34.6233788666,5.6300208308,1.6786715656,142.8076300661,1661.8830497344,5.1031673958,1.891424774,1
2003.4,0.2876820725,0.256500955,1.7846677154,-0.5792503339,4.6737629775,7.0838910767,1.8991179875,1.9725798999,0.2126082494,2.3882982492,3.46393223,1.6475162284,0.4374058322,4.8809015666,7.3351096921,1.5492644913,0.5567334801,0,2003.4,1.3333333333,1.2924,5.9576,0.5603182608,107.1,1192.6,6.68,7.1892,1.2369,10.8949376898,31.9423344912,5.1940629267,1.5486844555,131.7493912145,1533.1959501807,4.7080061293,1.7449632235,1
2004.1,0.2758852626,0.2704087438,1.8066973416,-0.6067174526,4.647271362,7.0445563205,1.9315214116,2.0246817195,0.2436518119,2.4209717064,3.4966056871,1.6801896856,0.4700792893,4.9135750238,7.3677831492,1.5819379484,0.5894069372,0,2004.1,1.3176966662,1.3105,6.0903,0.5451373746,104.3,1146.6,6.9,7.5737,1.2759,11.2567922989,33.0032383064,5.3665738363,1.6001210607,136.125196365,1584.1181341365,4.8643735878,1.8029188542,1
2004.2,0.3726591564,0.2929680769,1.8107120621,-0.594265631,4.6856435701,7.0522884297,1.9373017745,2.0180580382,0.2261789399,2.4266324783,3.5022664591,1.6858504575,0.4757400613,4.9192357957,7.3734439212,1.5875987204,0.5950677092,0,2004.2,1.4515894905,1.3404,6.1148,0.5519677651,108.38,1155.5,6.94,7.5237,1.2538,11.3206951321,33.1905918949,5.3970389336,1.609204667,136.8979552013,1593.1108946145,4.8919877825,1.813153708,1
2004.3,0.3358924048,0.2342021787,1.791242669,-0.5871197759,4.7095302013,7.0490812151,1.9050881545,1.987901745,0.2307148168,2.4059510721,3.4815850529,1.6651690513,0.4550586551,4.8985543895,7.352762515,1.5669173142,0.574386303,0,2004.3,1.3991884707,1.2639,5.9969,0.555926173,111,1151.8,6.72,7.3002,1.2595,11.0889716801,32.5112132491,5.2865668753,1.5762658363,134.0957892229,1560.5014875409,4.7918536226,1.7760402418,1
2004.4,0.2497442331,0.1853170658,1.6988397633,-0.6582451286,4.6455440801,6.9422533194,1.7984040119,1.8892793271,0.1236325604,2.3127593441,3.3883933249,1.5719773233,0.3618669271,4.8053626615,7.259570787,1.4737255862,0.481194575,0,2004.4,1.2836970475,1.2036,5.4676,0.5177591384,104.12,1035.1,6.04,6.6146,1.1316,10.102261848,29.6183269932,4.8161618942,1.4360078355,122.1637870962,1421.6462171711,4.3654688126,1.6180060778,1
2005.1,0.258900271,0.1902897264,1.7485561694,-0.6326538001,4.6760945243,6.923136381,1.8453002362,1.9533963432,0.1783135354,2.3621966211,3.4378306019,1.6214146003,0.4113042041,4.8547999385,7.309008064,1.5231628632,0.530631852,0,2005.1,1.295504599,1.2096,5.7463,0.5311802826,107.35,1015.5,6.33,7.0526,1.1952,10.6142413301,31.1193745747,5.060243478,1.5087842651,128.3550097541,1493.6948044032,4.5867094115,1.7000061216,1
2005.2,0.2695802371,0.20343052,1.8184500845,-0.584169018,4.7041101338,6.9328380593,1.8794650496,2.0535081597,0.2506808943,2.4318285863,3.5074625671,1.6910465655,0.4809361692,4.9244319037,7.3786400291,1.5927948283,0.6002638171,0,2005.2,1.3094146916,1.2256,6.1623,0.5575689992,110.4,1025.4,6.55,7.7952,1.2849,11.3796717779,33.3635026357,5.4251555156,1.6175880297,137.6111430507,1601.4104147284,4.9174732344,1.82259957,1
2005.3,0.2724651066,0.1493678317,1.824065304,-0.5688869632,4.7287143721,6.9480331255,1.8779371655,2.0471120296,0.2547972451,2.4359723819,3.5116063627,1.6951903612,0.4850799649,4.9285756994,7.3827838248,1.596938624,0.6044076128,0,2005.3,1.3131976362,1.1611,6.197,0.5661552398,113.15,1041.1,6.54,7.7455,1.2902,11.4269246481,33.5020410128,5.4476828938,1.624304891,138.1825586071,1608.0601002326,4.9378925161,1.8301677198,1
2005.4,0.3096550533,0.1522918103,1.844367732,-0.5434283323,4.7704303549,6.9192885148,1.9125010869,2.0742279746,0.2733042045,2.4565273038,3.5321612846,1.715745283,0.5056348868,4.9491306213,7.4033387467,1.6174935459,0.6249625347,0,2005.4,1.3629548862,1.1645,6.3241,0.5807538185,117.97,1011.6,6.77,7.9584,1.3143,11.6642347819,34.1977989774,5.560818352,1.6580378527,141.0522827439,1641.4556960991,5.0404408368,1.8681759644,1
2006.1,0.3342147866,0.1545220394,1.8189205773,-0.5509497749,4.7655869074,6.8789441971,1.8840347453,2.0531103999,0.2667392954,2.4308365503,3.5064705311,1.6900545295,0.4799441333,4.9234398677,7.3776479932,1.5918027924,0.5992717812,0,2006.1,1.3968431345,1.1671,6.1652,0.5764020981,117.4,971.6,6.58,7.7921,1.3057,11.3683883319,33.3304212527,5.4197762349,1.6159841199,137.4746955387,1599.8225457379,4.912597343,1.8207923822,1
2006.2,0.2966555473,0.1088544049,1.7694116056,-0.6067174526,4.7444972512,6.8672457356,1.8309801824,1.9833435516,0.2093691179,2.3817471304,3.4573811112,1.6409651096,0.4308547134,4.8743504478,7.3285585733,1.5427133725,0.5501823613,0,2006.2,1.3453518095,1.115,5.8674,0.5451373746,114.95,960.3,6.24,7.267,1.2329,10.8237969388,31.7337604058,5.1601472176,1.5385719998,130.8891062912,1523.1846298381,4.6772642287,1.733569125,1
2006.3,0.290352301,0.109123427,1.7733748361,-0.626045377,4.7689882712,6.8524539632,1.8718021769,1.9919618732,0.2260991791,2.3859247849,3.4615587657,1.6451427641,0.4350323678,4.8785281023,7.3327362277,1.5468910269,0.5543600157,0,2006.3,1.3368983957,1.1153,5.8907,0.5347021709,117.8,946.2,6.5,7.3299,1.2537,10.8691096067,31.8666103987,5.1817496219,1.5450130669,131.4370595315,1529.5612793329,4.6968450949,1.7408265266,1
2006.4,0.2340781164,0.1529785646,1.7336712115,-0.6744739153,4.7787032367,6.8349695093,1.8341801851,1.9263486355,0.1990967302,2.3464306288,3.4220646096,1.6056486081,0.3955382118,4.8390339463,7.2932420717,1.5073968709,0.5148658597,0,2006.4,1.2637432074,1.1653,5.6614,0.5094243505,118.95,929.8,6.26,6.8644,1.2203,10.4482095503,30.6325941269,4.9810893299,1.485183319,126.3472345346,1470.3298931353,4.5149624535,1.6734140145,1
2007.1,0.2144316107,0.1422805073,1.7217839723,-0.6719746153,4.7677141152,6.846836864,1.8082887712,1.948435529,0.1998339819,2.3352555673,3.4108895481,1.5944735465,0.3843631503,4.8278588847,7.2820670102,1.4962218094,0.5036907982,0,2007.1,1.239157373,1.1529,5.5945,0.5106991471,117.65,940.9,6.1,7.0177,1.2212,10.3321001389,30.2921786274,4.9257352189,1.4686786959,124.9431563562,1453.9903339378,4.4647883418,1.6548176114,1
2007.2,0.164049512,0.0614713221,1.7066916568,-0.6955941842,4.814052528,6.8317377926,1.7749523509,1.9244238194,0.2042461142,2.3213120733,3.3969460541,1.5805300526,0.3704196563,4.8139153908,7.2681235162,1.4822783154,0.4897473042,0,2007.2,1.1782726523,1.0634,5.5107,0.4987779939,123.23,926.8,5.9,6.8512,1.2266,10.1890342998,29.872730897,4.8575298751,1.4483422931,123.2131017435,1433.8573169933,4.4029656067,1.6319037926,1
2007.3,0.124769887,-0.0037068619,1.659636608,-0.7086759822,4.7453668165,6.8190333489,1.6937790609,1.8716175445,0.1570037488,2.272610228,3.3482442088,1.5318282072,0.321717811,4.7652135455,7.2194216709,1.4335764701,0.4410454589,0,2007.3,1.1328877308,0.9963,5.2574,0.4922955743,115.05,915.1,5.44,6.4988,1.17,9.7046992604,28.4527327038,4.6266275291,1.3794954426,117.3561754901,1365.699008788,4.1936709416,1.5543313589,1
2007.4,0.1260168406,-0.0119713718,1.6243856365,-0.6948457372,4.7361984484,6.8417223084,1.6882490929,1.8584207357,0.1182273814,2.235098156,3.3107321368,1.4943161352,0.284205739,4.7277014734,7.1819095989,1.3960643981,0.4035333869,0,2007.4,1.1343012704,0.9881,5.0753,0.4991514425,114,936.1,5.41,6.4136,1.1255,9.3473993106,27.4051824713,4.4562880122,1.3287062693,113.0354485426,1315.4177817053,4.0392716783,1.497105215,1
2008.1,0.0855578884,0.027517886,1.550939778,-0.6873805857,4.6061696863,6.8981089019,1.6272778306,1.7822140564,-0.006118681,2.1636034794,3.2392374601,1.4228214586,0.2127110623,4.6562067968,7.1104149222,1.3245697214,0.3320387102,0,2008.1,1.0893246187,1.0279,4.7159,0.5028916269,100.1,990.4,5.09,5.943,0.9939,8.7024402893,25.5142586883,4.1488096367,1.2370271758,105.2361420359,1224.6555774923,3.7605669154,1.393806802,1
