Note,Australia,Canada,Denmark,UK,Japan,Korea,Norway,Sweden,Switzerland,Austria,Belgium,France,Germany,Spain,Italy,Finland,Netherlands,United States,,Australia,Canada,Denmark,UK,Japan,Korea,Norway,Sweden,Switzerland,Austria,Belgium,France,Germany,Spain,Italy,Finland,Netherlands,United States
,AUS,CAN,DEN,GBR,JPN,KOR,NOR,SWE,CHE,AUT,BEL,FRA,GER,ESP,ITA,FIN,NET,USA,,AUS,CAN,DEN,GBR,JPN,KOR,NOR,SWE,CHE,AUT,BEL,FRA,GER,ESP,ITA,FIN,NET,USA
,p_1,p_2,p_3,p_4,p_5,p_6,p_7,p_8,p_9,p_10,p_11,p_12,p_13,p_14,p_15,p_16,p_17,p_18,,P_AUS,P_CAN,P_DEN,P_GBR,P_JPN,P_KOR,P_NOR,P_SWE,P_CHE,P_AUT,P_BEL,P_FRA,P_GER,P_ESP,P_ITA,P_FIN,P_NET,P_USA
1973.1,2.7712315517,3.1716961631,3.04540776,2.5952770948,3.6172518648,2.2425452377,3.0077398927,2.9335695945,3.7738890372,3.5797117001,3.3879973094,3.052717339,3.7619161384,2.122160935,2.1632356655,2.8929240536,3.6109179126,3.2169379484,1973.1,15.9783,23.8479,21.0186,13.4003,37.2351,9.41727,20.2416,18.7946,43.5491,35.8632,29.6066,21.1728,43.0308,8.34916,8.69924,18.046,37,24.9516
1973.2,2.8036754828,3.19411581,3.0770034571,2.6260734021,3.6659587707,2.2523922455,3.0295489883,2.9511323182,3.7910298228,3.5912831631,3.4013507032,3.0726470173,3.7813221174,2.1569545138,2.1972256884,2.9150589504,3.6402142821,3.2387137457,1973.2,16.5052,24.3886,21.6933,13.8194,39.0936,9.51046,20.6879,19.1276,44.302,36.2806,30.0046,21.599,43.87401,8.64477,9.00001,18.4499,38.1,25.5009
1973.3,2.8394058953,3.2221783655,3.1006596954,2.6411266157,3.6947322928,2.2674914518,3.0421863779,2.9646130545,3.80501224,3.6048971213,3.4150016626,3.0966042307,3.7911925561,2.1989996676,2.2200976494,2.9640816349,3.6480574596,3.2605205209,1973.3,17.1056,25.0827,22.2126,14.029,40.2348,9.65515,20.951,19.3872,44.9258,36.7779,30.417,22.1227,44.30921,9.01599,9.20823,19.3769,38.4,26.0631
1973.4,2.8745923599,3.2400774731,3.1373490165,2.6750930309,3.736006331,2.295295589,3.0621939443,2.9876295349,3.851325631,3.6322905839,3.4347127477,3.1234920424,3.8100438775,2.2356811097,2.2449136064,2.9884357183,3.6712245189,3.2835618351,1973.4,17.7182,25.5357,23.0427,14.5137,41.9302,9.92737,21.3744,19.8386,47.0554,37.7993,31.0225,22.7256,45.15242,9.35285,9.4396,19.8546,39.3,26.6706
1974.1,2.8985107683,3.2638262457,3.1756509457,2.7143900616,3.8259290257,2.4069090716,3.0943279593,3.026920815,3.8728080523,3.6612384367,3.4690335845,3.160059567,3.8338545236,2.2592881633,2.2974308326,3.028581772,3.696351469,3.3112799681,1974.1,18.1471,26.1494,23.9424,15.0954,45.8754,11.0996,22.0724,20.6336,48.0772,38.9095,32.1057,23.572,46.24043,9.57627,9.94859,20.6679,40.3,27.4202
1974.2,2.9382249753,3.2965366211,3.2135215161,2.7735694911,3.8697332676,2.4671499282,3.1133286251,3.0355825962,3.8808295078,3.6853682972,3.5102401096,3.1998153221,3.8496121392,2.3062683016,2.3495354706,3.076666891,3.7256934272,3.339169484,1974.2,18.8823,27.0189,24.8665,16.0157,47.9296,11.7888,22.4958,20.8131,48.4644,39.8598,33.4563,24.528,46.97484,10.0369,10.4807,21.686,41.5,28.1957
1974.3,2.9882191204,3.3261109823,3.2506496479,2.7965310534,3.9051514503,2.5112970074,3.1349636404,3.0523441492,3.905380996,3.7004052759,3.5516125216,3.2325420156,3.8588340206,2.3409304231,2.405349241,3.1190289699,3.742420221,3.3692009107,1974.3,19.8503,27.8299,25.8071,16.3877,49.6576,12.3209,22.9878,21.1649,49.669,40.4637,34.8695,25.344,47.41004,10.3909,11.0823,22.6244,42.2,29.0553
1974.4,3.025184274,3.3533018172,3.2879726909,2.8409305485,3.9469460352,2.5376176887,3.1585736511,3.0993352456,3.9354582425,3.7246905148,3.5825740477,3.2632983696,3.8725095294,2.3903028871,2.4660975288,3.1516713532,3.7750571504,3.3979186793,1974.4,20.5978,28.597,26.7885,17.1317,51.777,12.6495,23.537,22.1832,51.1856,41.4584,35.966,26.1356,48.06285,10.9168,11.7764,23.3751,43.6,29.9018
1975.1,3.0602551696,3.3747883803,3.3020692561,2.8997388604,3.9668955865,2.6049094422,3.2009317893,3.1095831439,3.9498523665,3.7507010064,3.6111368076,3.2906493601,3.8910130336,2.4304240645,2.5008456136,3.1980280116,3.7954891892,3.4159119232,1975.1,21.333,29.2181,27.1688,18.1694,52.8203,13.53,24.5554,22.4117,51.9277,42.5509,37.0081,26.8603,48.96046,11.3637,12.1928,24.4842,44.5,30.4447
1975.2,3.0946903372,3.3963087853,3.3220351196,2.9903327222,3.9942958399,2.6899948464,3.2221424835,3.131363959,3.9619991327,3.7670550352,3.6370913005,3.3146150035,3.910270671,2.4646104007,2.5270637527,3.2427720228,3.8242840911,3.4314970097,1975.2,22.0804,29.8537,27.7167,19.8923,54.2876,14.7316,25.0818,22.9052,52.5623,43.2525,37.9812,27.5118,49.91246,11.7589,12.5167,25.6046,45.8,30.9229
1975.3,3.1024318922,3.4297621625,3.3406013011,3.0327293624,4.0038598876,2.7461549071,3.2522487035,3.1614797357,3.9683220501,3.7849643338,3.6597466861,3.3362925712,3.9178712709,2.5019112486,2.5471926359,3.2770503889,3.8437441647,3.4525905044,1975.3,22.252,30.8693,28.2361,20.7538,54.8093,15.5826,25.8484,23.6055,52.8957,44.0341,38.8515,28.1147,50.29327,12.2058,12.7712,26.4975,46.7,31.5821
1975.4,3.1565535128,3.4501462634,3.3330398754,3.0670384672,4.0296975908,2.7785210909,3.2684961206,3.1849135817,3.9746052393,3.7937978721,3.6881842125,3.3579314309,3.9254143399,2.5272155383,2.5740082019,3.3143387203,3.8649313979,3.4684229145,1975.4,23.4895,31.505,28.0234,21.4782,56.2439,16.0952,26.2718,24.1652,53.2291,44.4248,39.9722,28.7297,50.67407,12.5186,13.1183,27.5042,47.7,32.0861
1976.1,3.1858566424,3.4632766313,3.3636478047,3.102854237,4.0526211199,2.8008177572,3.2917433137,3.2129945641,3.9792423051,3.8225686468,3.7086722774,3.3820145622,3.9419172854,2.5667861311,2.6154596531,3.3538681498,3.8836235309,3.4780442187,1976.1,24.188,31.9214,28.8944,22.2614,57.5481,16.4581,26.8897,24.8534,53.4765,45.7215,40.7996,29.43,51.51728,13.0239,13.6735,28.6132,48.6,32.3963
1976.2,3.2108678464,3.4782695277,3.4029192318,3.1374271293,4.0844053313,2.8348061924,3.3194412625,3.2379134537,3.9772281793,3.8398995244,3.7285760156,3.4045185272,3.9524216784,2.6341381072,2.6777765434,3.374911584,3.9140210081,3.4903370478,1976.2,24.8006,32.4036,30.0517,23.0445,59.4066,17.0271,27.6449,25.4805,53.3689,46.5208,41.6198,30.0998,52.06129,13.9313,14.5527,29.2217,50.1,32.797
1976.3,3.2328576224,3.4928219902,3.4183101199,3.1609415807,4.0969494998,2.85378269,3.3391127362,3.2522177533,3.9812523823,3.8533637011,3.7469926897,3.4275179367,3.9550303863,2.6625994549,2.7059947568,3.4078419244,3.9219733363,3.5061728232,1976.3,25.352,32.8786,30.5178,23.5928,60.1565,17.3533,28.1941,25.8476,53.5841,47.1514,42.3934,30.8001,52.19728,14.3335,14.9692,30.2,50.5,33.3205
1976.4,3.291062524,3.507381558,3.456174715,3.2055717164,4.1205173796,2.8755964723,3.3451806688,3.2761706738,3.9852585972,3.8632969392,3.7634000197,3.4528944279,3.9617820334,2.7076101043,2.7674379799,3.4334967617,3.9454577815,3.5173583618,1976.4,26.8714,33.3608,31.6955,24.6696,61.5911,17.736,28.3657,26.4742,53.7992,47.6221,43.0947,31.5917,52.55089,14.9934,15.9178,30.9848,51.7,33.6953
1977.1,3.3136076556,3.5286168008,3.4671973344,3.2551190327,4.1425075456,2.906950239,3.3769422567,3.3024446163,3.9890488593,3.8841192928,3.7832300828,3.4683886312,3.9792273451,2.7702547506,2.8115089095,3.4705835091,3.9550824949,3.5348479339,1977.1,27.4841,34.0768,32.0468,25.9227,62.9605,18.3009,29.2811,27.179,54.0035,48.6241,43.9578,32.085,53.4757,15.9627,16.635,32.1555,52.2,34.2898
1977.2,3.3369610371,3.5519279338,3.4987746866,3.298714204,4.1690809083,2.9346969424,3.4043092016,3.3402010241,3.9910393404,3.8949582268,3.7992954194,3.4984843941,3.9898523732,2.8239173285,2.8483743043,3.5013775022,3.9796816539,3.5561077728,1977.2,28.1335,34.8805,33.0749,27.0778,64.656,18.8158,30.0935,28.2248,54.1111,49.154,44.6697,33.0653,54.04691,16.8427,17.2597,33.1611,53.5,35.0266
1977.3,3.3563708519,3.5732749812,3.5231199856,3.3144986831,4.1736100449,2.966849143,3.4257533996,3.373216201,3.9959964392,3.9059948727,3.8142447825,3.5219655869,3.9928674224,2.9035182956,2.8748293762,3.5299394069,3.9852734672,3.5705772212,1977.3,28.6849,35.6331,33.89,27.5086,64.9495,19.4306,30.7458,29.1722,54.38,49.6995,45.3425,33.8509,54.21011,18.2382,17.7224,34.1219,53.8,35.5371
1977.4,3.3795957371,3.5947747974,3.5732216585,3.3293325329,4.1831030233,2.9758152397,3.4346450526,3.3969517149,3.9985492648,3.9075610658,3.8257982281,3.5408549708,3.9958734085,2.9466733233,2.9082062187,3.545214028,3.9963641539,3.5816087819,1977.4,29.3589,36.4075,35.6312,27.9197,65.569,19.6056,31.0204,29.8729,54.519,49.7774,45.8694,34.4964,54.37331,19.0425,18.3239,34.6471,54.4,35.9313
1978.1,3.3924492279,3.6130696501,3.5861349581,3.3453322488,4.1880625661,3.0296649914,3.4633674753,3.4297524441,4.0005429107,3.9221693567,3.8381180896,3.5564417489,4.0087959331,2.9812681709,2.9331438497,3.5605743805,4.0000338828,3.5983747097,1978.1,29.7387,37.0797,36.0943,28.37,65.895,20.6903,31.9243,30.869,54.6278,50.5099,46.438,35.0383,55.08051,19.7128,18.7866,35.1834,54.6,36.5388
1978.2,3.4128426449,3.6372097731,3.6024251946,3.3725646838,4.208631122,3.0594204332,3.4786613827,3.4439790548,4.0048501049,3.9307721368,3.8428293995,3.5845461884,4.0181349987,3.0239357889,2.9622737272,3.5822486876,4.0145795938,3.6240422217,1978.2,30.3514,37.9857,36.6871,29.1532,67.2644,21.3152,32.4163,31.3113,54.8636,50.9463,46.6573,36.037,55.59732,20.5721,19.3419,35.9543,55.4,37.4888
1978.3,3.4320336847,3.6620939029,3.614220561,3.3892158894,4.2163571592,3.1032404813,3.5006565184,3.4526316661,4.0061706916,3.9386941472,3.8533064371,3.610893588,4.0176456467,3.0694984016,2.9870849934,3.5952169162,4.0271358125,3.6473827529,1978.3,30.9395,38.9428,37.1224,29.6427,67.7861,22.27,33.1372,31.5834,54.9361,51.3515,47.1487,36.9991,55.57012,21.5311,19.8278,36.4236,56.1,38.3741
1978.4,3.4543589298,3.6777325577,3.643235959,3.4068911414,4.2192385513,3.1306913965,3.5126701792,3.4669507895,4.0045201414,3.9417235452,3.8635719837,3.6315786772,4.0205781727,3.09720976,3.0169701449,3.6104367158,4.0360089852,3.6673902053,1978.4,31.638,39.5566,38.2153,30.1713,67.9817,22.8898,33.5377,32.0389,54.8455,51.5073,47.6352,37.7724,55.73332,22.1361,20.4293,36.9822,56.6,39.1496
1979.1,3.4712550194,3.700195189,3.652645875,3.4375646687,4.217798893,3.1723961894,3.5150556886,3.4861970142,4.0192905016,3.9570365232,3.8758194959,3.6531097793,4.0375154471,3.1335009263,3.054755614,3.6292913262,4.0412953411,3.6920120424,1979.1,32.1771,40.4552,38.5766,31.1111,67.8839,23.8646,33.6178,32.6615,55.6616,52.3021,48.2222,38.5945,56.68533,22.9542,21.216,37.6861,56.9,40.1255
1979.2,3.4975615513,3.7260475814,3.6777755331,3.4734157124,4.2410619693,3.2437323265,3.528578651,3.5033627984,4.0360920206,3.9623871683,3.8832366248,3.6809606832,4.0503879725,3.1685168307,3.0911606282,3.6512840195,4.0552571735,3.7257416188,1979.2,33.0348,41.5147,39.5583,32.2467,69.4816,25.6292,34.0755,33.227,56.6047,52.5827,48.5812,39.6845,57.41973,23.7722,22.0026,38.5241,57.7,41.502
1979.3,3.5202980674,3.7455669237,3.7273354519,3.5380681922,4.2513326414,3.2714341188,3.5412578302,3.5259398479,4.0494605093,3.974464329,3.8996973557,3.7128254466,4.0630970716,3.2104282443,3.1252725874,3.6679647587,4.0638853547,3.7582189322,1979.3,33.7945,42.333,41.5682,34.4004,70.1989,26.3491,34.5103,33.9857,57.3665,53.2216,49.3875,40.9694,58.15414,24.7897,22.7661,39.1721,58.2,42.872
1979.4,3.5499506646,3.7682611742,3.7530718216,3.5661269033,4.2679154433,3.3064763616,3.5567214037,3.5553023462,4.0541907472,3.9849518541,3.9137175688,3.7406722487,4.0724082102,3.2422250966,3.1796608717,3.6877337981,4.0809215419,3.7870423792,1979.4,34.8116,43.3047,42.6519,35.3793,71.3727,27.2888,35.0481,34.9984,57.6385,53.7827,50.0848,42.1263,58.69815,25.5906,24.0386,39.9542,59.2,44.1257
1980.1,3.5715391329,3.7902891757,3.7773481021,3.6120955973,4.2878162249,3.402469905,3.5916882563,3.6098822414,4.0617146155,4.0087176809,3.9371252902,3.7780755263,4.0912290474,3.2875209025,3.2421508478,3.7183023248,4.0976723523,3.8252595977,1980.1,35.5713,44.2692,43.7,37.0436,72.8073,30.0382,36.2953,36.9617,58.0738,55.0762,51.271,43.7318,59.81336,26.7764,25.5887,41.1944,60.2,45.8447
1980.2,3.5990586799,3.8176375979,3.8074022161,3.6686078669,4.3191174521,3.476542921,3.6251699226,3.6283807619,4.0741299501,4.0249962704,3.9448386344,3.8094297684,4.1079149006,3.3133711273,3.2802944843,3.7573975462,4.1174098352,3.8607107635,1980.2,36.5638,45.4966,45.0333,39.1973,75.1223,32.3477,37.5311,37.6518,58.7993,55.9801,51.668,45.1247,60.81977,27.4776,26.5836,42.8368,61.4,47.4991
1980.3,3.618076016,3.8456652305,3.8365815292,3.6898589742,4.3294799235,3.5239252087,3.6557930873,3.6528584165,4.0863913525,4.0415624408,3.9628891086,3.8401595893,4.1137119641,3.351176961,3.3220531591,3.7831459076,4.1335652754,3.8794460933,1980.3,37.2658,46.7898,46.3667,40.0392,75.9048,33.9173,38.6982,38.5848,59.5247,56.9152,52.6091,46.5329,61.17337,28.5363,27.7172,43.9541,62.4,48.3974
1980.4,3.6385251924,3.8736895785,3.8550991523,3.7082702319,4.3422834851,3.5957164674,3.6809052444,3.6927917909,4.0945845334,4.0486565813,3.98493512,3.8677366837,4.1225655768,3.3815489425,3.3741002138,3.8146703412,4.1447207695,3.9052823381,1980.4,38.0357,48.1196,47.2333,40.7832,76.8829,36.4418,39.6823,40.1568,60.0144,57.3204,53.7818,47.834,61.71738,29.4163,29.198,45.3618,63.1,49.6641
1981.1,3.6615390893,3.9057634553,3.8808769642,3.7315197944,4.3511511034,3.6343942288,3.7271092919,3.7305802624,4.1184744149,4.0760108555,4.0068639843,3.8973742342,4.1469463418,3.4244320214,3.4250766555,3.8414052431,4.1620032107,3.931352972,1981.1,38.9212,49.688,48.4667,41.7425,77.5677,37.8789,41.5588,41.7033,61.4654,58.91,54.9742,49.2729,63.24059,30.7052,30.725,46.5909,64.2,50.9759
1981.2,3.6840327277,3.9361984111,3.9239515763,3.7795950038,4.3674116035,3.6822928097,3.7572131084,3.7518049563,4.1322470993,4.0909772325,4.0148773833,3.9297725462,4.1644270621,3.4523625012,3.4685444551,3.8769759704,4.1805222585,3.9542890768,1981.2,39.8066,51.2235,50.6,43.7983,78.8393,39.7374,42.8289,42.5979,62.3178,59.7983,55.4165,50.8954,64.3558,31.5749,32.09,48.278,65.4,52.1586
1981.3,3.7041399186,3.9653021268,3.9473901493,3.7964392995,4.370714139,3.7285351688,3.7843600739,3.7728850683,4.1555478401,4.1054674727,4.0407433435,3.9681254174,4.1782783054,3.4847079156,3.4976765749,3.8950924897,4.1972019477,3.9825075638,1981.3,40.6151,52.7362,51.8,44.5423,79.1001,41.6181,44.0075,43.5054,63.7869,60.6711,56.8686,52.8853,65.25341,32.6129,33.0386,49.1606,66.5,53.6514
1981.4,3.7449998294,3.9897707741,3.9696634142,3.8207582319,4.3817816047,3.7341013548,3.7970206002,3.7871760791,4.1617835604,4.1149262977,4.0611134754,4.0000283882,4.191529045,3.5159417311,3.542187555,3.9146734898,4.2150861799,3.9967390836,1981.4,42.309,54.0425,52.9667,45.6388,79.9804,41.8504,44.5682,44.1316,64.1859,61.2477,58.0389,54.5997,66.12382,33.6476,34.5424,50.1327,67.7,54.4204
1982.1,3.7621392095,4.0148990373,3.9902184695,3.8369287009,4.3817816047,3.7459282786,3.8399855038,3.8168504162,4.1705043565,4.1345791843,4.0803098684,4.0282225658,4.2042004087,3.557753737,3.5822347809,3.9425522105,4.2297491992,4.0048993167,1982.1,43.0404,55.4177,54.0667,46.3828,79.9804,42.3483,46.5248,45.4608,64.7481,62.4633,59.1638,56.161,66.96703,35.0843,35.9538,51.55,68.7,54.8663
1982.2,3.7860038962,4.0450440178,4.01397833,3.8685057152,4.3927291578,3.7625085616,3.8623599604,3.8338538748,4.1893728841,4.1484554667,4.103343946,4.0585550225,4.2167130685,3.592701648,3.6120308067,3.9725440925,4.2413267526,4.0200968367,1982.2,44.0799,57.1137,55.3667,47.8708,80.8608,43.0563,47.5775,46.2404,65.9814,63.3361,60.5424,57.8906,67.81023,36.3321,37.0412,53.1195,69.5,55.7065
1982.3,3.8203418328,4.0660891103,4.0389498862,3.8734006732,4.3979565767,3.7750181588,3.8880028167,3.8481242796,4.2097796584,4.1558096151,4.1276971299,4.0724720943,4.2278819548,3.6215156122,3.6524281027,3.98585694,4.2527717988,4.0388283287,1982.3,45.6198,58.3284,56.7667,48.1057,81.2846,43.5983,48.8133,46.905,67.3417,63.8036,62.0349,58.7019,68.57184,37.3942,38.5682,53.8314,70.3,56.7598
1982.4,3.8486294286,4.0820695313,4.0638853547,3.880699507,4.4067436372,3.7765399954,3.9063529611,3.872616675,4.218359988,4.160683025,4.1465605974,4.0905607459,4.2369640122,3.6441461746,3.6964358326,3.9933448946,4.2598590007,4.0408769759,1982.4,46.9287,59.268,58.2,48.4581,82.002,43.6647,49.7173,48.068,67.922,64.1153,63.2162,59.7734,69.19745,38.2501,40.3034,54.236,70.8,56.8762
1983.1,3.8705382914,4.0886215503,4.0718722746,3.8855373363,4.4035569353,3.7953633386,3.933148287,3.9004118562,4.2176500985,4.1727628744,4.1635518552,4.1168445288,4.2440145042,3.6819731605,3.731407193,4.018386418,4.2612704335,4.0404214972,1983.1,47.9682,59.6576,58.6667,48.6931,81.7411,44.4944,51.0675,49.4228,67.8738,64.8945,64.2995,61.3653,69.68705,39.7247,41.7378,55.6113,70.9,56.8503
1983.2,3.8919753881,4.1023573737,4.0859763126,3.9054434073,4.4150587668,3.7988386297,3.9489314319,3.9170801963,4.2244791506,4.1746826109,4.1766155547,4.1443990062,4.2490757878,3.7060806614,3.7603625557,4.0479131141,4.2668963274,4.0528487296,1983.2,49.0076,60.4827,59.5,49.6721,82.6867,44.6493,51.8799,50.2535,68.3389,65.0192,65.145,63.0797,70.04065,40.694,42.964,57.2778,71.3,57.5612
1983.3,3.9091087631,4.1177745895,4.0987797124,3.9187542994,4.4122939237,3.8003246704,3.9627294276,3.936225742,4.2273912541,4.1863599261,4.2008494229,4.1655281435,4.2587377509,3.7264810688,3.7832551065,4.0677712656,4.276666119,4.0647904433,1983.3,49.8545,61.4224,60.2667,50.3377,82.4584,44.7157,52.6007,51.2249,68.5382,65.7829,66.743,64.4267,70.72066,41.5327,43.9589,58.4266,72,58.2527
1983.4,3.9320118899,4.126319537,4.1184955648,3.9299709727,4.4233053249,3.8003246704,3.9756980289,3.9576997565,4.236078472,4.1969643254,4.212748146,4.1843558793,4.2637252459,3.7616093343,3.8168944091,4.0812491909,4.2877159552,4.0734051891,1983.4,51.0095,61.9495,61.4667,50.9055,83.3714,44.7157,53.2873,52.3368,69.1362,66.4842,67.5419,65.6512,71.07426,43.0176,45.4628,59.2194,72.8,58.7567
1984.1,3.9282309443,4.1384555421,4.1335652754,3.9357239069,4.4275973362,3.8145711338,3.9961030904,3.9811105391,4.246594866,4.2283464691,4.2313636159,4.2014620335,4.2721095034,3.7957004028,3.8454878256,4.0969727721,4.2959239356,4.0842353021,1984.1,50.817,62.7059,62.4,51.1992,83.73,45.3573,54.3858,53.5765,69.8671,68.6037,68.811,66.7839,71.67267,44.5094,46.7815,60.1579,73.4,59.3965
1984.2,3.9305012267,4.1471884039,4.1505153589,3.9557891417,4.4349688813,3.820166455,4.0121723666,3.9995465846,4.2532297309,4.2333308415,4.2456325771,4.2194077002,4.2770309136,3.8130023503,3.8684660242,4.1179976103,4.3040650932,4.0951642262,1984.2,50.9325,63.2559,63.4667,52.2369,84.3495,45.6118,55.2668,54.5734,70.3322,68.9465,69.7999,67.9932,72.02627,45.2862,47.8689,61.4361,74,60.0492
1984.3,3.9432677643,4.1562060658,4.1609637298,3.9643725418,4.434195608,3.8235545674,4.0220623582,4.0100295468,4.2551175518,4.2418848702,4.257218512,4.2361507904,4.2774084823,3.8400349385,3.8828619241,4.1316002049,4.3054155323,4.1058695602,1984.3,51.5869,63.8289,64.1333,52.6872,84.2843,45.7666,55.8161,55.1485,70.4651,69.5388,70.6133,69.1412,72.05347,46.5271,48.563,62.2775,74.1,60.6955
1984.4,3.9573481256,4.1633605446,4.1754128976,3.977295632,4.446499138,3.8264520451,4.0338812816,4.0311260584,4.2654366371,4.2476949219,4.2661316593,4.2504390659,4.2841805923,3.8553552947,3.9064032441,4.1424535421,4.3161538905,4.1131892145,1984.4,52.3184,64.2872,65.0667,53.3725,85.3277,45.8994,56.4797,56.3243,71.196,69.944,71.2455,70.1362,72.54308,47.2454,49.7198,62.9571,74.9,61.1414
1985.1,3.97123298,4.1747041428,4.1871257893,3.9893284317,4.4480261973,3.8353298484,4.050357843,4.0579917328,4.2834720725,4.2622938871,4.2836982798,4.2638791576,4.2949955757,3.8869369655,3.9348465553,4.1597779953,4.3188205588,4.1197214935,1985.1,53.0499,65.0206,65.8333,54.0186,85.4581,46.3087,57.418,57.858,72.4917,70.9726,72.5081,71.0852,73.33189,48.7613,51.1543,64.0573,75.1,61.5421
1985.2,3.9948980061,4.1859220265,4.2031989671,4.0231814804,4.4567629808,3.8419974581,4.0673518481,4.0761602248,4.2889569431,4.2688593363,4.2970908295,4.282017055,4.2998059006,3.9053065001,3.9585343847,4.1800313123,4.3294166844,4.131621079,1985.2,54.3203,65.7541,66.9,55.8786,86.208,46.6185,58.4021,58.9188,72.8904,71.4401,73.4857,72.3863,73.68549,49.6653,52.3805,65.3679,75.9,62.2788
1985.3,4.0166298371,4.1952888406,4.2022014593,4.0256320086,4.4578968032,3.8486187741,4.0778746752,4.0785437171,4.286675579,4.271473494,4.3036690689,4.2912782839,4.297958377,3.9154291978,3.9703900219,4.1869389364,4.3294166844,4.1389609489,1985.3,55.5137,66.3729,66.8333,56.0157,86.3058,46.9282,59.0199,59.0594,72.7243,71.6271,73.9707,73.0598,73.54948,50.1706,53.0052,65.821,75.9,62.7376
1985.4,4.036540646,4.2042253461,4.2101508305,4.0305133464,4.461668108,3.8559012306,4.0890572758,4.0935792695,4.2962222562,4.2742980396,4.3061912098,4.2973357451,4.2998059006,3.9349012902,3.9919795555,4.1906194281,4.3346729383,4.1478837494,1985.4,56.6301,66.9687,67.3667,56.2898,86.6319,47.2712,59.6836,59.9541,73.4219,71.8297,74.1575,73.5037,73.68549,51.1571,54.162,66.0637,76.3,63.2999
1986.1,4.0593924589,4.2164707453,4.2096549137,4.0374461146,4.4631721955,3.8695225197,4.1071061194,4.1094400499,4.298481969,4.2859465336,4.3084029683,4.2985838826,4.302386523,3.9726777444,4.0072404537,4.202306192,4.3294166844,4.1503309933,1986.1,57.9391,67.7938,67.3333,56.6814,86.7623,47.9195,60.7706,60.9126,73.588,72.6713,74.3217,73.5955,73.87589,53.1266,54.9949,66.8403,75.9,63.455
1986.2,4.0758665572,4.2242171864,4.2422860046,4.0504867142,4.4654240935,3.8743938251,4.1257608615,4.1146715618,4.2966743352,4.2833699867,4.3096723163,4.3058364963,4.2998059006,3.9837462793,4.0172871164,4.2129006323,4.3320482649,4.1478837494,1986.2,58.9015,68.321,69.5667,57.4254,86.9579,48.1535,61.9149,61.2321,73.4551,72.4843,74.4161,74.1312,73.68549,53.7179,55.5502,67.5522,76.1,63.2999
1986.3,4.1016743006,4.2365527854,4.2432429012,4.0515083878,4.4601617548,3.8773052587,4.155259338,4.1192534116,4.2925955143,4.2876610086,4.3114713826,4.3120131533,4.2946244541,4.0059558735,4.0231009454,4.2195856433,4.3241326563,4.1553079502,1986.3,60.4414,69.169,69.6333,57.4841,86.5015,48.2939,63.7685,61.5133,73.1561,72.796,74.5501,74.5905,73.30468,54.9243,55.8741,68.0053,75.5,63.7716
1986.4,4.1299336891,4.2464431379,4.2532453709,4.0643680561,4.4601617548,3.870498681,4.1732204356,4.1291774578,4.2971275706,4.2874466882,4.3127368441,4.3185582074,4.2905345068,4.0174059208,4.0350367813,4.2238585208,4.3307333403,4.1609668483,1986.4,62.1738,69.8565,70.3333,58.2281,86.5015,47.9663,64.9242,62.1268,73.4884,72.7804,74.6445,75.0803,73.00548,55.5568,56.545,68.2965,76,64.1335
1987.1,4.1495537628,4.2559133738,4.2579744577,4.0763995086,4.4544914719,3.8773052587,4.2022283916,4.1430680575,4.3070242242,4.2891023563,4.3188618362,4.3305148954,4.2972186013,4.0318413019,4.0488536994,4.2384405772,4.3174881135,4.1719905539,1987.1,63.4057,70.5212,70.6667,58.9329,86.0124,48.2939,66.8351,62.9958,74.2193,72.901,75.1031,75.9834,73.49509,56.3646,57.3317,69.2997,75,64.8444
1987.2,4.1646197223,4.2697911516,4.2743481568,4.0915673761,4.4669236947,3.8987148434,4.2181936068,4.1477241787,4.3079184702,4.2970472826,4.3254734788,4.3391400103,4.3001748332,4.0387085184,4.0604878371,4.249123616,4.320151231,4.1849619298,1987.2,64.3682,71.5067,71.8333,59.8336,87.0884,49.339,67.9107,63.2898,74.2857,73.4825,75.6013,76.6416,73.71268,56.753,58.0026,70.044,75.2,65.691
1987.3,4.1812269031,4.2809458368,4.2803634422,4.0938544421,4.4646740241,3.9119069987,4.2312502555,4.165338763,4.3105977628,4.3101492498,4.3313726096,4.3451136567,4.2998059006,4.0512874328,4.0712004584,4.2546519648,4.322807275,4.1961141382,1987.3,65.4461,72.3088,72.2667,59.9706,86.8927,49.9942,68.8032,64.4145,74.485,74.4516,76.0486,77.1008,73.68549,57.4714,58.6273,70.4323,75.4,66.4277
1987.4,4.1981428583,4.2878945107,4.2922838034,4.1045704327,4.4676720792,3.9233842217,4.245123851,4.1799150405,4.316823893,4.3042745307,4.3282407627,4.3496687186,4.3001748332,4.0628229349,4.0872511299,4.2601499188,4.3267781604,4.204735902,1987.4,66.5626,72.813,73.1333,60.6167,87.1536,50.5713,69.7644,65.3603,74.9502,74.0155,75.8108,77.4528,73.71268,58.1382,59.5759,70.8206,75.7,67.0029
1988.1,4.2159130167,4.2960451817,4.304514992,4.1094039319,4.462044342,3.9495653879,4.2699072179,4.1931244731,4.3247708632,4.3101492498,4.3286192651,4.3544010376,4.3067950122,4.0750462078,4.0996007244,4.2756308611,4.3214801348,4.2106776583,1988.1,67.756,73.4089,74.0333,60.9104,86.6645,51.9128,71.515,66.2294,75.5482,74.4516,75.8395,77.8202,74.20229,58.8532,60.3162,71.9255,75.3,67.4022
1988.2,4.2328143658,4.3087648429,4.3188205588,4.1332270772,4.4687936068,3.9683182691,4.2871979639,4.2105322519,4.3287207901,4.3143699237,4.3354629276,4.3641884765,4.3115490455,4.0785437171,4.1099045421,4.2945251376,4.3280982926,4.2232360404,1988.2,68.9109,74.3486,75.1,62.3789,87.2514,52.8955,72.7623,67.3924,75.8472,74.7665,76.3603,78.5856,74.55589,59.0594,60.9409,73.2974,75.8,68.254
1988.3,4.2516303225,4.3198014357,4.3236914994,4.1469417562,4.4706600288,3.9803375135,4.2951852432,4.2220339234,4.3287207901,4.3291663237,4.3417630779,4.3731082337,4.3126430619,4.1037155173,4.1193509467,4.3051631388,4.3320482649,4.2364776044,1988.3,70.2198,75.1737,75.4667,63.2403,87.4144,53.5351,73.3458,68.172,75.8472,75.881,76.8429,79.2897,74.6375,60.5649,61.5193,74.0813,76.1,69.1638
1988.4,4.2722508304,4.3276971568,4.3359826962,4.1677762343,4.4780922109,3.9893302829,4.3040394172,4.2372898382,4.3348341311,4.3227608548,4.3442845278,4.3792665792,4.3170066643,4.1161239925,4.1372427999,4.3151079499,4.3359826962,4.2467794853,1988.4,71.6828,75.7696,76.4,64.5717,88.0665,54.0187,73.9981,69.22,76.3123,75.3965,77.0369,79.7795,74.9639,61.3211,62.6299,74.8217,76.4,69.88
1989.1,4.2818706077,4.340021649,4.3489867806,4.1837189784,4.4725229738,4.0039492845,4.3164862785,4.2557673078,4.3473795465,4.3326722489,4.3539807499,4.387673163,4.3307005766,4.1354433184,4.156270298,4.3349913673,4.3294166844,4.2577989707,1989.1,72.3757,76.7092,77.4,65.6094,87.5774,54.8142,74.9249,70.5109,77.2757,76.1475,77.7875,80.453,75.99751,62.5173,63.833,76.3243,75.9,70.6543
1989.2,4.3060442145,4.3572022947,4.3656431554,4.2119646216,4.4960715813,4.0228360291,4.3329952539,4.273729868,4.3567934385,4.3399642879,4.3649809286,4.3997756842,4.3399631146,4.1453449804,4.1724484686,4.3595087494,4.3372907408,4.2741031151,1989.2,74.1466,78.0385,78.7,67.489,89.6642,55.8593,76.1721,71.7889,78.0066,76.7048,78.6479,81.4326,76.70471,63.1394,64.8741,78.2187,76.5,71.8157
1989.3,4.3286324508,4.3714913328,4.3711337723,4.2212047937,4.4975248399,4.0353250058,4.3395835352,4.2827696766,4.3597708007,4.3547004009,4.3736756117,4.406520447,4.3403177887,4.1705568663,4.1813246887,4.369757931,4.3438054219,4.2821565744,1989.3,75.8405,79.1616,79.1333,68.1155,89.7946,56.5613,76.6756,72.4408,78.2392,77.8435,79.3347,81.9837,76.73192,64.7515,65.4525,79.0245,77,72.3964
1989.4,4.3472397774,4.378415121,4.3841082167,4.240844622,4.5036788421,4.0471131825,4.3455350939,4.3002578549,4.3774486718,4.3503334187,4.379707698,4.4145168158,4.3466781747,4.1847366072,4.1984973489,4.3828975054,4.3489867806,4.2917367073,1989.4,77.2649,79.7116,80.1667,69.4665,90.3489,57.232,77.1333,73.7188,79.6346,77.5043,79.8147,82.6419,77.22152,65.6762,66.5862,80.0697,77.4,73.0933
1990.1,4.3641503009,4.3926883461,4.3820266347,4.2584455729,4.5072805823,4.0670812733,4.3590906034,4.3426879146,4.3952278637,4.3627597139,4.3880211317,4.4227474241,4.3575383543,4.2029911728,4.2187898005,4.4046866952,4.3515674272,4.3088038476,1990.1,78.5826,80.8575,80,70.7,90.6749,58.3863,78.186,76.914,81.0631,78.4734,80.481,83.3249,78.06473,66.8861,67.9512,81.8335,77.6,74.3515
1990.2,4.3798830889,4.4017177361,4.3899117156,4.3041840051,4.5208522693,4.1079137496,4.37044103,4.3689274639,4.4046097067,4.3698351192,4.395385753,4.4311524568,4.3627511759,4.2107711227,4.231309844,4.4176410935,4.360547603,4.3189071063,1990.2,79.8287,81.5909,80.6333,74.0088,91.9139,60.8197,79.0785,78.9589,81.8272,79.0306,81.0759,84.0282,78.47273,67.4085,68.8073,82.9005,78.3,75.1065
1990.3,4.3876570044,4.4126140339,4.3965050645,4.3204530471,4.5233330359,4.1272182525,4.3766434211,4.3881652547,4.4159146446,4.3871584444,4.4063777255,4.4388227607,4.3672470781,4.2325618339,4.2446693613,4.4273142435,4.3681812279,4.3360271978,1990.3,80.4517,82.4848,81.1667,75.2227,92.1422,62.0052,79.5705,80.4926,82.7575,80.4116,81.972,84.6752,78.82633,68.8935,69.7327,83.7063,78.9,76.4034
1990.4,4.4134586813,4.4264106776,4.4063130672,4.3359499731,4.5391308058,4.1354865056,4.3896450408,4.4064155426,4.4350008905,4.386253937,4.4182669493,4.4487397428,4.3765208808,4.2499213675,4.2634049662,4.4348301631,4.3770140929,4.3521123818,1990.4,82.5545,83.6307,81.9667,76.3975,93.6094,62.52,80.6118,81.9751,84.3522,80.3389,82.9524,85.5191,79.56075,70.0999,71.0515,84.3378,79.6,77.6423
1991.1,4.4115708737,4.4550458894,4.4063130672,4.3418268424,4.5439956005,4.1712654791,4.3967169516,4.4495918208,4.4525689718,4.3961563386,4.4244956721,4.4559506613,4.3853474895,4.262977016,4.2805156445,4.4524885932,4.3795235045,4.3603061945,1991.1,82.3988,86.0601,81.9667,76.8478,94.0659,64.7974,81.1839,85.592,85.8472,81.1384,83.4707,86.138,80.26611,71.0211,72.2777,85.8403,79.8,78.2811
1991.2,4.4134586813,4.4624746448,4.4156221812,4.3625035433,4.5543399423,4.1948186588,4.4069533662,4.4669122121,4.4652584824,4.4038896379,4.4272748191,4.4637586838,4.3951559419,4.2697310156,4.2948170562,4.4613275288,4.3870141762,4.3662224031,1991.2,82.5545,86.7018,82.7333,78.4533,95.044,66.3417,82.0192,87.0874,86.9435,81.7683,83.703,86.8132,81.05727,71.5024,73.3188,86.6024,80.4,78.7456
1991.3,4.4191032239,4.4680105048,4.4192417322,4.3669853293,4.5543399423,4.210478832,4.4109905998,4.469257675,4.4751446407,4.421511736,4.4387081987,4.4702183564,4.4118743515,4.2900963615,4.306425818,4.4633370001,4.4030540019,4.374058725,1991.3,83.0218,87.1831,83.0333,78.8057,95.044,67.3888,82.351,87.2919,87.8073,83.222,84.6655,87.3758,82.42381,72.9735,74.1749,86.7766,81.7,79.3651
1991.4,4.4284401674,4.4666951652,4.4272389775,4.3766283401,4.5666143717,4.222164467,4.415842141,4.4823481006,4.486431694,4.4156717368,4.44403148,4.4782352744,4.4300330394,4.3042218377,4.3203639743,4.4688428885,4.4115854369,4.38159154,1991.4,83.8006,87.0685,83.7,79.5693,96.2178,68.1809,82.7515,88.4421,88.804,82.7374,85.1174,88.0791,83.93419,74.0116,75.216,87.2557,82.4,79.9652
1992.1,4.4284401674,4.4711609649,4.4292286336,4.3820266347,4.562879405,4.2395871108,4.4206702583,4.4830703463,4.4990716203,4.4356764004,4.4483713362,4.4833324411,4.443227561,4.3264504978,4.3353241024,4.479764547,4.415219602,4.3885863228,1992.1,83.8006,87.4582,83.8667,80,95.8591,69.3792,83.152,88.506,89.9336,84.4092,85.4876,88.5292,85.049,75.6752,76.3497,88.2139,82.7,80.5265
1992.2,4.4256487053,4.476126992,4.4402955428,4.40333548,4.5763940973,4.259298109,4.4310739086,4.4882553983,4.508263833,4.4439656864,4.4541786774,4.4909292447,4.4541611161,4.3316605419,4.3470728054,4.4873872753,4.4248466319,4.3967268058,1992.2,83.567,87.8936,84.8,81.723,97.1634,70.7603,84.0216,88.9661,90.7641,85.1118,85.9855,89.2043,85.98399,76.0705,77.252,88.8889,83.5,81.1847
1992.3,4.4265804573,4.4802904029,4.439902777,4.4026157173,4.5723587296,4.269009101,4.4335226585,4.4906949236,4.5104583272,4.4597801858,4.4616034646,4.491245323,4.4599994323,4.3445012836,4.3548288555,4.487877655,4.4308167988,4.4045644884,1992.3,83.6449,88.2603,84.7667,81.6642,96.7721,71.4508,84.2276,89.1834,90.9635,86.4685,86.6263,89.2325,86.48746,77.0536,77.8535,88.9325,84,81.8235
1992.4,4.4312250488,4.4844365516,4.442259415,4.4066838808,4.5757218076,4.2684407163,4.4378597958,4.5003928336,4.5202711219,4.4558496555,4.4664252263,4.4962767703,4.4633202904,4.3549739894,4.3666464639,4.4937368234,4.4367515344,4.4116364065,1992.4,84.0343,88.627,84.9667,81.9971,97.0981,71.4102,84.5937,90.0525,91.8605,86.1293,87.045,89.6826,86.77515,77.8648,78.779,89.4551,84.5,82.4042
1993.1,4.440450012,4.4916509225,4.4426512565,4.399974602,4.5757218076,4.2848023742,4.4458086197,4.5314138443,4.5332068356,4.4736926827,4.4764352718,4.5043991227,4.4882857465,4.3679124972,4.3783247913,4.5053531656,4.4402955428,4.4200567355,1993.1,84.8131,89.2687,85,81.4488,97.0981,72.5882,85.2688,92.8898,93.0565,87.6799,87.9207,90.414,88.9688,78.8788,79.7044,90.5003,84.8,83.101
1993.2,4.4441160655,4.4934472508,4.4496852831,4.4159521027,4.5854132976,4.3050213926,4.4554246227,4.5366289982,4.5424465503,4.4803028659,4.4804059635,4.5106023306,4.49753954,4.3773670456,4.3904436123,4.5108726932,4.4473461008,4.4277143722,1993.2,85.1246,89.4292,85.6,82.7606,98.0437,74.0708,86.0927,93.3755,93.9203,88.2614,88.2705,90.9766,89.79592,79.6281,80.6762,91.0012,85.4,83.7398
1993.3,4.4486801052,4.4975393173,4.4516308193,4.4187875943,4.5897275601,4.3123978467,4.4548924964,4.5355328211,4.5449189944,4.4936630407,4.4898199387,4.5127642847,4.5039267391,4.3893807766,4.3995779552,4.5075165625,4.4578295981,4.4316367007,1993.3,85.514,89.7959,85.7667,82.9956,98.4676,74.6192,86.0469,93.2732,94.1528,89.4485,89.1054,91.1735,90.3713,80.5905,81.4165,90.6963,86.3,84.0689
1993.4,4.4505003714,4.5023763735,4.4574436604,4.4220847375,4.5870744411,4.3216089446,4.4568847718,4.543721287,4.5463295345,4.4901352459,4.4925948169,4.5173821438,4.5047222505,4.4015473595,4.4097560948,4.5082362887,4.4624538838,4.4385203832,1993.4,85.6698,90.2313,86.2667,83.2697,98.2067,75.3097,86.2185,94.0401,94.2857,89.1335,89.353,91.5955,90.44322,81.577,82.2494,90.7616,86.7,84.6496
1994.1,4.4541298307,4.4972842619,4.460529311,4.4234948204,4.588401372,4.3479578276,4.458211912,4.5476544142,4.5505492559,4.5041712559,4.5002517948,4.521366749,4.5177582924,4.4166852747,4.4226130014,4.5082362887,4.4693504628,4.4449028374,1994.1,85.9813,89.773,86.5333,83.3872,98.3371,77.3204,86.333,94.4107,94.6844,90.3934,90.0398,91.9612,91.62996,82.8213,83.3137,90.7616,87.3,85.1916
1994.2,4.4613506226,4.4937032865,4.4693504628,4.4414128429,4.5923726457,4.3617831102,4.4650801898,4.5566834758,4.5491446596,4.5092505205,4.505850278,4.5274659087,4.5247977406,4.4246226547,4.4292560577,4.5161225554,4.4761998047,4.4512448141,1994.2,86.6044,89.4521,87.3,84.8948,98.7284,78.3968,86.928,95.267,94.5515,90.8537,90.5453,92.5238,92.27726,83.4813,83.869,91.4802,87.9,85.7336
1994.3,4.4676250347,4.4990693964,4.4724007887,4.4416425126,4.5897275601,4.3792465237,4.4704621013,4.5609674833,4.5501985559,4.5235478981,4.5148887409,4.5289854435,4.5298513118,4.4352296669,4.4369503312,4.5251275616,4.4841318576,4.4600126133,1994.3,87.1495,89.9334,87.5667,84.9143,98.4676,79.7779,87.3971,95.676,94.6512,92.162,91.3674,92.6645,92.74477,84.3715,84.5168,92.3077,88.6,86.4886
1994.4,4.4756365061,4.5023763735,4.4780944819,4.4480788533,4.5950107533,4.3779734315,4.4747733042,4.5670933783,4.5512502872,4.5174836721,4.5122870585,4.5332261785,4.5294633979,4.4441935959,4.4481116157,4.5255997834,4.4886363697,4.464701644,1994.4,87.8505,90.2313,88.0667,85.4626,98.9892,79.6764,87.7747,96.2639,94.7508,91.6048,91.13,93.0583,92.7088,85.1312,85.4654,92.3513,89,86.8951
1995.1,4.4923396166,4.5124955301,4.4837559405,4.4569729161,4.5897275601,4.3945022397,4.4841160561,4.5729176188,4.5641408783,4.5285299334,4.5182082623,4.5386531756,4.538729911,4.4632701595,4.4631549068,4.5268496612,4.4931206822,4.4729099851,1995.1,89.3302,91.149,88.5667,86.2261,98.4676,81.0043,88.5986,96.8262,95.9801,92.6223,91.6712,93.5647,93.57188,86.7708,86.7608,92.4668,89.4,87.6113
1995.2,4.505332171,4.5205149402,4.4920014879,4.4749760756,4.5920423923,4.4089642863,4.491578106,4.5838137522,4.5675960365,4.5342679929,4.520295071,4.5437510611,4.5421827812,4.4746137922,4.481597045,4.529850557,4.4986979415,4.4817090604,1995.2,90.4984,91.8829,89.3,87.7925,98.6958,82.1843,89.2622,97.887,96.3123,93.1553,91.8627,94.0429,93.89553,87.7607,88.3757,92.7447,89.9,88.3856
1995.3,4.5173089935,4.5224155544,4.4908810396,4.4776481297,4.5897275601,4.4176073175,4.4936272653,4.5838137522,4.5703520074,4.5446173116,4.5270259251,4.5467377845,4.5452421403,4.478679095,4.4922422204,4.5305156029,4.4998096703,4.4860791703,1995.3,91.5888,92.0577,89.2,88.0274,98.4676,82.8977,89.4453,97.887,96.5781,94.1244,92.4831,94.3242,94.18323,88.1182,89.3215,92.8064,90,88.7727
1995.4,4.5249325426,4.5227945926,4.4968419376,4.4792043877,4.5890641778,4.4215718144,4.4963102211,4.5887633265,4.5703520074,4.5360869533,4.526031736,4.5523884159,4.5440959506,4.4869923224,4.5027752686,4.5271837793,4.5042442674,4.4908653444,1995.4,92.2897,92.0926,89.7333,88.1645,98.4023,83.227,89.6856,98.3727,96.5781,93.3249,92.3912,94.8587,94.07534,88.8538,90.2673,92.4977,90.4,89.1986
1996.1,4.5291429887,4.5269610463,4.5020294271,4.4842988866,4.5864103148,4.4401905845,4.4932437171,4.5873330459,4.574814066,4.5474711555,4.5375356772,4.5594811583,4.5528495219,4.4991038658,4.5133114431,4.5315128815,4.5108595065,4.4999385509,1996.1,92.6791,92.4771,90.2,88.6148,98.1415,84.7911,89.411,98.2321,97.01,94.3934,93.4602,95.5339,94.90245,89.9365,91.2234,92.899,91,90.0116
1996.2,4.5358436874,4.5348657405,4.5115922051,4.4972497298,4.5933627518,4.456561123,4.5012353203,4.5916177654,4.5754982974,4.5528258131,4.5392109227,4.5673997806,4.5566317251,4.5100503881,4.5242648564,4.5361555285,4.5185223793,4.5097831032,1996.2,93.3022,93.211,91.0667,89.7699,98.8262,86.1906,90.1284,98.6539,97.0764,94.9002,93.6169,96.2934,95.26207,90.9264,92.2281,93.3313,91.7,90.9021
1996.3,4.5383442507,4.5363644398,4.513419962,4.498993782,4.5917120299,4.4670121067,4.5073489561,4.5855101885,4.5761830903,4.5558255181,4.5461810386,4.5650604378,4.5588941787,4.5146895253,4.5268247871,4.5358243951,4.5196122976,4.5150922939,1996.3,93.5358,93.3508,91.2333,89.9266,98.6632,87.0961,90.6811,98.0532,97.1429,95.1853,94.2717,96.0684,95.47784,91.3492,92.4645,93.3004,91.8,91.386
1996.4,4.5400085374,4.5423368768,4.5199749769,4.5050713589,4.5943518786,4.4711003627,4.5137629797,4.5862921112,4.578573612,4.5604740299,4.5501288237,4.5691512218,4.5592707397,4.519606851,4.5316076035,4.5354931519,4.5261269786,4.52226781,1996.4,93.6916,93.91,91.8333,90.4748,98.924,87.4529,91.2646,98.1299,97.3754,95.6288,94.6446,96.4622,95.5138,91.7995,92.9078,93.2695,92.4,92.0441
1997.1,4.5416700589,4.5479043546,4.5232364414,4.5108968685,4.5920423923,4.4860487551,4.5238679354,4.5856407214,4.5823200999,4.5641106633,4.5564651182,4.5740973882,4.5705025478,4.5242019668,4.537948602,4.536816396,4.5304466398,4.5289757309,1997.1,93.8474,94.4343,92.1333,91.0034,98.6958,88.77,92.1915,98.066,97.7409,95.9772,95.2462,96.9405,96.59264,92.2223,93.4988,93.393,92.8,92.6636
1997.2,4.5391767403,4.5508597129,4.5322413645,4.5235110059,4.6139316917,4.4961975991,4.5280785363,4.5935590367,4.5809594573,4.5674049731,4.5543567764,4.5764157102,4.5716188833,4.5256539231,4.542992609,4.545801213,4.5368913452,4.5329370706,1997.2,93.6137,94.7138,92.9667,92.1586,100.88,89.6755,92.5805,98.8456,97.608,96.2939,95.0456,97.1655,96.70053,92.3563,93.9716,94.2359,93.4,93.0314
1997.3,4.5350084173,4.5534399541,4.5372478127,4.5332358498,4.6136144328,4.5059419406,4.529684496,4.5961415502,4.5809594573,4.5670767572,4.5638720365,4.5775728588,4.5812414641,4.5325532555,4.5448775716,4.5502471542,4.5432947823,4.5368817092,1997.3,93.2243,94.9585,93.4333,93.0592,100.848,90.5536,92.7293,99.1012,97.608,96.2623,95.9543,97.278,97.63553,92.9957,94.1489,94.6558,94,93.3991
1997.4,4.5375110675,4.552703572,4.541164856,4.5411989706,4.6161991428,4.5203832422,4.5359572903,4.6017995116,4.5816394981,4.5706895011,4.5629565987,4.5807494114,4.579767041,4.5391478979,4.5511362975,4.553568423,4.5507140002,4.5408119153,1997.4,93.4579,94.8886,93.8,93.8032,101.109,91.8708,93.3128,99.6635,97.6744,96.6107,95.8665,97.5875,97.49168,93.611,94.74,94.9707,94.7,93.7669
1998.1,4.5400085374,4.5582127414,4.5436489749,4.5443251024,4.6123146037,4.5716165048,4.5449402363,4.5909698366,4.5819793452,4.5746161286,4.5637407153,4.5810721466,4.582345882,4.5424827505,4.5579747995,4.5552569915,4.5517694093,4.543492635,1998.1,93.6916,95.4128,94.0333,94.0969,100.717,96.7003,94.1548,98.59,97.7076,96.9908,95.9417,97.619,97.74342,93.9237,95.3901,95.1312,94.8,94.0186
1998.2,4.5458107635,4.5607741037,4.5517694093,4.5626749173,4.6171580436,4.5747336587,4.5502946937,4.5948511272,4.5816394981,4.576899304,4.5707702343,4.5857396295,4.5852848773,4.5456261052,4.5632267295,4.5616184274,4.5591262475,4.5488315537,1998.2,94.2368,95.6575,94.8,95.8395,101.206,97.0022,94.6603,98.9734,97.6744,97.2125,96.6185,98.0757,98.03111,94.2194,95.8924,95.7383,95.5,94.5219
1998.3,4.5482865579,4.5618690793,4.5538768916,4.5659375528,4.6116690227,4.5738838324,4.5529617361,4.5899316673,4.5819793452,4.5759215856,4.5714510315,4.5834091222,4.5878494443,4.5521712273,4.5650739697,4.562275211,4.5612182985,4.5527151644,1998.3,94.4704,95.7623,95,96.1527,100.652,96.9198,94.9131,98.4877,97.7076,97.1175,96.6843,97.8474,98.28284,94.8381,96.0697,95.8012,95.7,94.8897
1998.4,4.553220887,4.5636927684,4.5580785785,4.5704079192,4.6213387671,4.5784041503,4.5586046455,4.5907101416,4.5809594573,4.5778770951,4.5696994728,4.5830748725,4.5849179877,4.5539810967,4.5684522583,4.5629190457,4.5674683188,4.5561763511,1998.4,94.9377,95.9371,95.4,96.5835,101.63,97.3589,95.4502,98.5644,97.608,97.3076,96.5151,97.8147,97.99515,95.0099,96.3948,95.8629,96.3,95.2187
1999.1,4.5524000121,4.5658761901,4.5636531583,4.5661413744,4.6113411066,4.5786855437,4.5671744023,4.5903214877,4.5850348233,4.5791783047,4.5741695949,4.5834091222,4.5849179877,4.5610469149,4.5718191724,4.561952616,4.5726469943,4.5600315967,1999.1,94.8598,96.1468,95.9333,96.1723,100.619,97.3863,96.2717,98.5261,98.0066,97.4343,96.9475,97.8474,97.99515,95.6836,96.7199,95.7703,96.8,95.5865
1999.2,4.556496615,4.5767223564,4.5740231131,4.5766719412,4.6145857204,4.5806561575,4.5743686519,4.5969152072,4.587405321,4.5804778234,4.5798739162,4.5893903365,4.5904074511,4.5679209682,4.5776067816,4.5731406741,4.5808774934,4.5697056894,1999.2,95.2492,97.1953,96.9333,97.1904,100.946,97.5784,96.9668,99.1779,98.2392,97.561,97.5021,98.4344,98.53457,96.3436,97.2813,96.8478,97.6,96.5157
1999.3,4.5654507085,4.5835307328,4.579852378,4.5774772519,4.6116690227,4.5803753182,4.5724124626,4.5963998387,4.5917920971,4.5804778234,4.5806448844,4.5887277469,4.5940503896,4.5758803976,4.5821533186,4.5734916788,4.5839465495,4.5759040809,1999.3,96.1059,97.8593,97.5,97.2687,100.652,97.551,96.7773,99.1268,98.6711,97.561,97.5773,98.3692,98.89418,97.1135,97.7246,96.8818,97.9,97.1158
1999.4,4.5711075869,4.5870958244,4.5876852109,4.584897068,4.6116690227,4.5912852347,4.5850644127,4.6011581485,4.5951531829,4.5875946369,4.5854489954,4.5930287765,4.5936867025,4.5807176446,4.5887836572,4.5795282229,4.5890408041,4.5820632655,1999.4,96.6511,98.2088,98.2667,97.9931,100.652,98.6211,98.0095,99.5996,99.0033,98.2578,98.0472,98.7932,98.85822,97.5844,98.3747,97.4684,98.4,97.7158
2000.1,4.5799323748,4.592065696,4.5944458857,4.5888853042,4.6048441328,4.5940647483,4.5953268994,4.5983832065,4.6004822146,4.5948329403,4.5939454234,4.5986258183,4.6002132205,4.5898341884,4.5950723743,4.5919187726,4.5920849464,4.5919197859,2000.1,97.5078,98.6981,98.9333,98.3847,99.9674,98.8956,99.0205,99.3236,99.5323,98.9716,98.8838,99.3477,99.50553,98.4781,98.9953,98.6836,98.7,98.6837
2000.2,4.5878877005,4.6008799963,4.6058399616,4.6074176585,4.6077767859,4.5960799951,4.6032723863,4.6053601679,4.6032884166,4.6014030994,4.6027472531,4.6041917074,4.6016578249,4.5991802823,4.6022108114,4.6036690599,4.6031681833,4.6024565073,2000.2,98.2866,99.5719,100.067,100.225,100.261,99.0951,99.8104,100.019,99.812,99.624,99.758,99.9022,99.64938,99.4028,99.7045,99.85,99.8,99.729
2000.3,4.6244530704,4.6103169188,4.6068387931,4.6089829083,4.6048441328,4.610107975,4.6064293929,4.6048731419,4.6062795704,4.6087039349,4.610257225,4.6074475907,4.6077737937,4.6114504239,4.6081258138,4.6086640752,4.608165695,4.610386557,2000.3,101.947,100.516,100.167,100.382,99.9674,100.495,100.126,99.9703,100.111,100.354,100.51,100.228,100.2607,100.63,100.296,100.35,100.3,100.523
2000.4,4.6275088106,4.6172469672,4.613465683,4.6151997216,4.6032122705,4.6160606688,4.6155461688,4.6120166951,4.6105954426,4.6156253399,4.6136144328,4.6116690227,4.6109971761,4.6199504182,4.6151700206,4.6162683727,4.6170987569,4.6157638742,2000.4,102.259,101.215,100.833,101.008,99.8044,101.095,101.043,100.687,100.544,101.051,100.848,100.652,100.5844,101.489,101.005,101.116,101.2,101.065
2001.1,4.6381116102,4.6193097495,4.6177605931,4.6140407262,4.6002671859,4.6337090508,4.6304382427,4.6134557656,4.6105954426,4.6227350172,4.6155758587,4.6110230247,4.6170562658,4.6270099526,4.6236189561,4.6198912968,4.6308379327,4.6252962904,2001.1,103.349,101.424,101.267,100.891,99.5109,102.895,102.559,100.832,100.544,101.772,101.046,100.587,101.1957,102.208,101.862,101.483,102.6,102.033
2001.2,4.6463697092,4.6360582015,4.6311595184,4.6263835824,4.5996117666,4.6453039437,4.64208054,4.6322404575,4.6182147347,4.6318608012,4.631899747,4.6245511558,4.6262533656,4.6397358504,4.6322793885,4.6342434335,4.6463121293,4.6356702926,2001.2,104.206,103.137,102.633,102.144,99.4457,104.095,103.76,102.744,101.313,102.705,102.709,101.957,102.1307,103.517,102.748,102.95,104.2,103.097
2001.3,4.6493497376,4.637075747,4.6305162436,4.6267653234,4.596985785,4.6510513612,4.6316757883,4.6328437171,4.6164859209,4.6344571066,4.6352822332,4.6255118836,4.6283641151,4.6472809497,4.6357284886,4.6335924203,4.6501435516,4.6369885694,2001.3,104.517,103.242,102.567,102.183,99.1849,104.695,102.686,102.806,101.138,102.972,103.057,102.055,102.3465,104.301,103.103,102.883,104.6,103.233
2001.4,4.6582558731,4.6278901224,4.6340782911,4.6256196629,4.5933627518,4.6491392234,4.6353598572,4.637075747,4.6147343037,4.6367173015,4.6355538906,4.6255118836,4.6273092973,4.6476452135,4.6388757185,4.6342434335,4.6558633003,4.6341657228,2001.4,105.452,102.298,102.933,102.066,98.8262,104.495,103.065,103.242,100.961,103.205,103.085,102.055,102.2386,104.339,103.428,102.95,105.2,102.942
2002.1,4.6670739893,4.6346998616,4.6424659707,4.6261877612,4.5864103148,4.6586635584,4.6408558119,4.6398131294,4.6161991428,4.6418684898,4.6425526722,4.632201525,4.636761872,4.6517579266,4.6474055812,4.6392140609,4.6681449851,4.6377341769,2002.1,106.386,102.997,103.8,102.124,98.1415,105.495,103.633,103.525,101.109,103.738,103.809,102.74,103.2096,104.769,104.314,103.463,106.5,103.31
2002.2,4.6743697028,4.6495219436,4.653646015,4.6385759481,4.5907202872,4.6718470443,4.646331323,4.6518438262,4.6250904534,4.6495602075,4.64517905,4.6407303614,4.638849613,4.6734361267,4.6547505141,4.6481626234,4.6784206477,4.6485457175,2002.2,107.165,104.535,104.967,103.397,98.5654,106.895,104.202,104.778,102.012,104.539,104.082,103.62,103.4253,107.065,105.083,104.393,107.6,104.433
2002.3,4.680889716,4.6601601393,4.653646015,4.6419745205,4.5890641778,4.6765136261,4.6460337796,4.6510895667,4.6195364946,4.6514715414,4.6477889653,4.6426201014,4.6398923342,4.6708455607,4.6595163157,4.6468781879,4.6821312271,4.6527977699,2002.3,107.866,105.653,104.967,103.749,98.4023,107.395,104.171,104.699,101.447,104.739,104.354,103.816,103.5332,106.788,105.585,104.259,108,104.878
2002.4,4.6880856863,4.6651075128,4.6596583713,4.6508125439,4.5880698043,4.681158532,4.6574874559,4.6583601805,4.6248257436,4.6543317098,4.6480668269,4.6473192995,4.6391976297,4.6862892373,4.6662088397,4.6497515054,4.6839813664,4.655929838,2002.4,108.645,106.177,105.6,104.67,98.3045,107.895,105.371,105.463,101.985,105.039,104.383,104.305,103.4613,108.45,106.294,104.559,108.2,105.207
2003.1,4.7009075473,4.6785135802,4.6700211583,4.6564049787,4.5840823932,4.6986149907,4.6852836604,4.6692242148,4.6265989414,4.6593931846,4.6580946493,4.6557302116,4.6481942342,4.6886101932,4.6742390546,4.6551881675,4.6922648928,4.6660018452,2003.1,110.047,107.61,106.7,105.257,97.9133,109.795,108.341,106.615,102.166,105.572,105.435,105.186,104.3963,108.702,107.151,105.129,109.1,106.272
2003.2,4.7009075473,4.6768953214,4.6762528723,4.6682388775,4.588401372,4.7049702711,4.6685205015,4.6703022809,4.6305259933,4.6612858341,4.6589005084,4.6594405445,4.6471601382,4.7016251648,4.6813902119,4.6567754317,4.6986605291,4.6696368295,2003.2,110.047,107.436,107.367,106.51,98.3371,110.495,106.54,106.73,102.568,105.772,105.52,105.577,104.2884,110.126,107.92,105.296,109.8,106.659
2003.3,4.7065528003,4.6807877324,4.671893818,4.6708081026,4.5867424331,4.7076726212,4.6649568097,4.6668201643,4.6239821266,4.6641181088,4.6645799525,4.6686706685,4.6502592237,4.6995162648,4.6865750424,4.6526165906,4.7022968967,4.6745283241,2003.3,110.67,107.855,106.9,106.784,98.1741,110.794,106.161,106.359,101.899,106.072,106.121,106.556,104.6121,109.894,108.481,104.859,110.2,107.182
2003.4,4.7114652648,4.6824089663,4.6740710532,4.6770256231,4.5850807376,4.7157629893,4.6697118321,4.6711358133,4.6300091293,4.6663123209,4.6652016908,4.6741643908,4.6506023374,4.7124897814,4.6911919068,4.6543983495,4.7032039263,4.674705577,2003.4,111.215,108.03,107.133,107.45,98.0111,111.694,106.667,106.819,102.515,106.305,106.187,107.143,104.648,111.329,108.983,105.046,110.3,107.201
2004.1,4.7205236059,4.6875701132,4.6793495842,4.6819275027,4.5827486925,4.7308949359,4.6711919815,4.6697493313,4.6271469188,4.6728755623,4.6712949484,4.6741643908,4.6581344835,4.7103046761,4.6968738702,4.6544935413,4.7041101338,4.6836948189,2004.1,112.227,108.589,107.7,107.978,97.7828,113.397,106.825,106.671,102.222,107.005,106.836,107.143,105.4392,111.086,109.604,105.056,110.4,108.169
2004.2,4.7253769487,4.6987698127,4.6870542742,4.6954404138,4.5854132976,4.7382489762,4.6770907675,4.6743510398,4.6391464015,4.6809453391,4.681269745,4.6832509703,4.6652713767,4.733141148,4.7043908915,4.6549979069,4.7131273275,4.6979043234,2004.2,112.773,109.812,108.533,109.447,98.0437,114.234,107.457,107.163,103.456,107.872,107.907,108.121,106.1944,113.652,110.431,105.109,111.4,109.717
2004.3,4.7295094602,4.7006803458,4.6839813664,4.7013254631,4.5857457472,4.7498331422,4.6767929297,4.6723988355,4.6330285141,4.6855697531,4.6866580028,4.6841569517,4.668313985,4.7320759274,4.7086649622,4.6566139691,4.7131273275,4.701434456,2004.3,113.24,110.022,108.2,110.093,98.0763,115.565,107.425,106.954,102.825,108.372,108.49,108.219,106.518,113.531,110.904,105.279,111.4,110.105
2004.4,4.7370489638,4.7051150635,4.6879752287,4.7105297016,4.5900585786,4.7492185806,4.68207567,4.6758988834,4.6437175956,4.6932268498,4.6904667602,4.689299915,4.670675115,4.7462964147,4.7107996655,4.6603399571,4.7158167061,4.7073927835,2004.4,114.097,110.511,108.633,111.111,98.5002,115.494,107.994,107.329,103.93,109.205,108.904,108.777,106.7698,115.157,111.141,105.672,111.7,110.763
2005.1,4.7438445807,4.7085928252,4.6916505887,4.7131722098,4.5830830512,4.7631990502,4.6811956044,4.6723988355,4.6405759391,4.7011346971,4.6972387538,4.6907330143,4.6743725022,4.7423723331,4.715834611,4.6618529312,4.7202829931,4.7136657821,2005.1,114.875,110.896,109.033,111.405,97.8155,117.12,107.899,106.954,103.604,110.072,109.644,108.933,107.1653,114.706,111.702,105.832,112.2,111.46
2005.2,4.7499283222,4.717686041,4.7038111761,4.7250488022,4.5844152854,4.7672210059,4.6922648928,4.6773047837,4.6496749906,4.7047620952,4.707916287,4.6996800456,4.6777224487,4.7648370522,4.7226865194,4.6655218294,4.7282723831,4.7269452429,2005.2,115.576,111.909,110.367,112.736,97.9459,117.592,109.1,107.48,104.551,110.472,110.821,109.912,107.5249,117.312,112.47,106.221,113.1,112.95
2005.3,4.759323723,4.7263961768,4.7059200891,4.7286878583,4.5827486925,4.7732153179,4.6942885085,4.6776303727,4.6447754406,4.7074740348,4.7175251831,4.7032311244,4.6850538041,4.7658594427,4.7287143721,4.6655218294,4.730039168,4.7390365225,2005.3,116.667,112.888,110.6,113.147,97.7828,118.299,109.321,107.515,104.04,110.772,111.891,110.303,108.3161,117.432,113.15,106.221,113.3,114.324
2005.4,4.7646495005,4.7270160682,4.7086288944,4.734038222,4.5827486925,4.7732153179,4.699761926,4.6831399774,4.6546363121,4.7104847006,4.7164610821,4.7056307163,4.687044139,4.781213744,4.7321023515,4.667853863,4.7335634008,4.7441057,2005.4,117.29,112.958,110.9,113.754,97.7828,118.299,109.921,108.109,105.071,111.106,111.772,110.568,108.5319,119.249,113.534,106.469,113.7,114.905
2006.1,4.773240677,4.7319526054,4.7119327184,4.7367947618,4.581748016,4.7831238842,4.7032039263,4.6801756125,4.6528454432,4.7129387998,4.7193288839,4.708538719,4.6906816053,4.7817670546,4.7370401993,4.670339758,4.7318028369,4.7494869568,2006.1,118.302,113.517,111.267,114.068,97.685,119.477,110.3,107.789,104.883,111.379,112.093,110.89,108.9274,119.315,114.096,106.734,113.5,115.525
2006.2,4.7889157284,4.7429736901,4.7235485999,4.7539780469,4.5860780862,4.7900052479,4.7157271766,4.6924115365,4.6628445778,4.7218414928,4.7278301987,4.7187220607,4.6966074211,4.8035291205,4.7447755944,4.6813902119,4.7423200241,4.7662681063,2006.2,120.171,114.775,112.567,116.045,98.1089,120.302,111.69,109.116,105.937,112.375,113.05,112.025,109.5748,121.94,114.982,107.92,114.7,117.48
2006.3,4.797953494,4.7435833931,4.7241347456,4.7625499325,4.5887328298,4.7978050441,4.716300027,4.6934099748,4.6569178771,4.7231487581,4.7322520752,4.7199442548,4.6992286737,4.8005807073,4.7501619075,4.6827976717,4.7431914839,4.7718534327,2006.3,121.262,114.845,112.633,117.044,98.3697,121.244,111.754,109.225,105.311,112.522,113.551,112.162,109.8624,121.581,115.603,108.072,114.8,118.138
2006.4,4.7966661952,4.7405311539,4.7253237431,4.7731984114,4.5860780862,4.7948893132,4.7244631922,4.6984510354,4.6592131964,4.7234775286,4.7308508421,4.7189005763,4.7002103293,4.8068204016,4.7501619075,4.6883157671,4.7423200241,4.7632929666,2006.4,121.106,114.495,112.767,118.297,98.1089,120.891,112.67,109.777,105.553,112.559,113.392,112.045,109.9703,122.342,115.603,108.67,114.7,117.131
2007.1,4.7973100517,4.7499542788,4.7306303437,4.781272443,4.5807463373,4.8036193247,4.7134683824,4.6994525651,4.6537317526,4.7293593253,4.7366807882,4.7200601519,4.708676684,4.805626313,4.754245149,4.6938401867,4.7475374273,4.7734350758,2007.1,121.184,115.579,113.367,119.256,97.5872,121.951,111.438,109.887,104.976,113.223,114.055,112.175,110.9053,122.196,116.076,109.272,115.3,118.325
2007.2,4.8094489101,4.7646580264,4.7397010789,4.7972357817,4.5854132976,4.8141904719,4.7191236761,4.7103586869,4.6680792553,4.7406883537,4.7422241172,4.730480377,4.7164288732,4.8274573707,4.7605829262,4.7055312251,4.7596065393,4.7924295318,2007.2,122.664,117.291,114.4,121.175,98.0437,123.247,112.07,111.092,106.493,114.513,114.689,113.35,111.7684,124.893,116.814,110.557,116.7,120.594
2007.3,4.8164030863,4.7646580264,4.7359089328,4.8012631469,4.587406339,4.8208620423,4.7179898132,4.7126334892,4.6632409613,4.7422938686,4.7454798044,4.7324017765,4.721884206,4.823887958,4.7663872685,4.7075462526,4.7561730595,4.7951787883,2007.3,123.52,117.291,113.967,121.664,98.2393,124.072,111.943,111.345,105.979,114.697,115.063,113.568,112.3798,124.448,117.494,110.78,116.3,120.926
2007.4,4.8258146171,4.7643595787,4.7466697483,4.8142148129,4.5913815583,4.8274893976,4.738108903,4.7293858214,4.6758616141,4.7547533075,4.7580715143,4.7421194809,4.7301697862,4.8457370657,4.7734097216,4.715028571,4.7604630704,4.8022654061,2007.4,124.688,117.256,115.2,123.25,98.6306,124.897,114.218,113.226,107.325,116.135,116.521,114.677,113.3148,127.197,118.322,111.612,116.8,121.786
2008.1,4.8388500351,4.7676376142,4.7604630704,4.8202331773,4.5903894877,4.8406058784,4.7482916961,4.731115376,4.6781417984,4.7620286251,4.7742629603,4.7492012635,4.7374424112,4.8482810569,4.7843367711,4.7312299856,4.7681390143,4.8135736338,2008.1,126.324,117.641,116.8,123.994,98.5328,126.546,115.387,113.422,107.57,116.983,118.423,115.492,114.1419,127.521,119.622,113.435,117.7,123.171
